10:00:52 [INFO] Starting FULL CRAWL of all SG job portals...
10:00:52 [INFO] ============================================================
10:00:52 [INFO] FULL CRAWL: MyCareersFuture
10:00:52 [INFO] ============================================================
10:00:52 [INFO] [MCF] Searching for '' (limit=100, page=0)...
10:00:53 [INFO] [MCF] Got 100 results (total: 91113)
10:00:53 [INFO] [MCF] Page 0: 100 jobs (new: 100, updated: 0)
10:00:53 [INFO] [MCF] Searching for '' (limit=100, page=1)...
10:00:55 [INFO] [MCF] Got 100 results (total: 91113)
10:00:55 [INFO] [MCF] Page 1: 100 jobs (new: 200, updated: 0)
10:00:55 [INFO] [MCF] Searching for '' (limit=100, page=2)...
10:00:56 [INFO] [MCF] Got 100 results (total: 91113)
10:00:56 [INFO] [MCF] Page 2: 100 jobs (new: 296, updated: 4)
10:00:56 [INFO] [MCF] Searching for '' (limit=100, page=3)...
10:00:57 [INFO] [MCF] Got 100 results (total: 91113)
10:00:57 [INFO] [MCF] Page 3: 100 jobs (new: 387, updated: 13)
10:00:58 [INFO] [MCF] Searching for '' (limit=100, page=4)...
10:00:58 [INFO] [MCF] Got 100 results (total: 91113)
10:00:58 [INFO] [MCF] Page 4: 100 jobs (new: 478, updated: 22)
10:00:59 [INFO] [MCF] Searching for '' (limit=100, page=5)...
10:00:59 [INFO] [MCF] Got 100 results (total: 91113)
10:00:59 [INFO] [MCF] Page 5: 100 jobs (new: 577, updated: 23)
10:01:00 [INFO] [MCF] Searching for '' (limit=100, page=6)...
10:01:01 [INFO] [MCF] Got 100 results (total: 91113)
10:01:01 [INFO] [MCF] Page 6: 100 jobs (new: 653, updated: 47)
10:01:02 [INFO] [MCF] Searching for '' (limit=100, page=7)...
10:01:04 [INFO] [MCF] Got 100 results (total: 91114)
10:01:04 [INFO] [MCF] Page 7: 100 jobs (new: 732, updated: 68)
10:01:04 [INFO] [MCF] Searching for '' (limit=100, page=8)...
10:01:05 [INFO] [MCF] Got 100 results (total: 91114)
10:01:05 [INFO] [MCF] Page 8: 100 jobs (new: 823, updated: 77)
10:01:05 [INFO] [MCF] Searching for '' (limit=100, page=9)...
10:01:06 [INFO] [MCF] Got 100 results (total: 91115)
10:01:06 [INFO] [MCF] Page 9: 100 jobs (new: 921, updated: 79)
10:01:07 [INFO] [MCF] Searching for '' (limit=100, page=10)...
10:01:09 [INFO] [MCF] Got 100 results (total: 91115)
10:01:09 [INFO] [MCF] Page 10: 100 jobs (new: 1017, updated: 83)
10:01:09 [INFO] [MCF] Searching for '' (limit=100, page=11)...
10:01:11 [INFO] [MCF] Got 100 results (total: 91115)
10:01:11 [INFO] [MCF] Page 11: 100 jobs (new: 1111, updated: 89)
10:01:11 [INFO] [MCF] Searching for '' (limit=100, page=12)...
10:01:12 [INFO] [MCF] Got 100 results (total: 91115)
10:01:12 [INFO] [MCF] Page 12: 100 jobs (new: 1205, updated: 95)
10:01:12 [INFO] [MCF] Searching for '' (limit=100, page=13)...
10:01:14 [INFO] [MCF] Got 100 results (total: 91115)
10:01:14 [INFO] [MCF] Page 13: 100 jobs (new: 1304, updated: 96)
10:01:14 [INFO] [MCF] Searching for '' (limit=100, page=14)...
10:01:15 [INFO] [MCF] Got 100 results (total: 91115)
10:01:15 [INFO] [MCF] Page 14: 100 jobs (new: 1403, updated: 97)
10:01:16 [INFO] [MCF] Searching for '' (limit=100, page=15)...
10:01:17 [INFO] [MCF] Got 100 results (total: 91115)
10:01:17 [INFO] [MCF] Page 15: 100 jobs (new: 1495, updated: 105)
10:01:17 [INFO] [MCF] Searching for '' (limit=100, page=16)...
10:01:19 [INFO] [MCF] Got 100 results (total: 91115)
10:01:19 [INFO] [MCF] Page 16: 100 jobs (new: 1589, updated: 111)
10:01:19 [INFO] [MCF] Searching for '' (limit=100, page=17)...
10:01:20 [INFO] [MCF] Got 100 results (total: 91115)
10:01:20 [INFO] [MCF] Page 17: 100 jobs (new: 1685, updated: 115)
10:01:20 [INFO] [MCF] Searching for '' (limit=100, page=18)...
10:01:22 [INFO] [MCF] Got 100 results (total: 91116)
10:01:22 [INFO] [MCF] Page 18: 100 jobs (new: 1780, updated: 120)
10:01:22 [INFO] [MCF] Searching for '' (limit=100, page=19)...
10:01:24 [INFO] [MCF] Got 100 results (total: 91117)
10:01:24 [INFO] [MCF] Page 19: 100 jobs (new: 1870, updated: 130)
10:01:24 [INFO] [MCF] Searching for '' (limit=100, page=20)...
10:01:26 [INFO] [MCF] Got 100 results (total: 91118)
10:01:26 [INFO] [MCF] Page 20: 100 jobs (new: 1962, updated: 138)
10:01:26 [INFO] [MCF] Searching for '' (limit=100, page=21)...
10:01:28 [INFO] [MCF] Got 100 results (total: 91118)
10:01:28 [INFO] [MCF] Page 21: 100 jobs (new: 2055, updated: 145)
10:01:28 [INFO] [MCF] Searching for '' (limit=100, page=22)...
10:01:30 [INFO] [MCF] Got 100 results (total: 91118)
10:01:30 [INFO] [MCF] Page 22: 100 jobs (new: 2151, updated: 149)
10:01:30 [INFO] [MCF] Searching for '' (limit=100, page=23)...
10:01:32 [INFO] [MCF] Got 100 results (total: 91118)
10:01:32 [INFO] [MCF] Page 23: 100 jobs (new: 2247, updated: 153)
10:01:32 [INFO] [MCF] Searching for '' (limit=100, page=24)...
10:01:34 [INFO] [MCF] Got 100 results (total: 91118)
10:01:34 [INFO] [MCF] Page 24: 100 jobs (new: 2343, updated: 157)
10:01:34 [INFO] [MCF] Searching for '' (limit=100, page=25)...
10:01:35 [INFO] [MCF] Got 100 results (total: 91119)
10:01:35 [INFO] [MCF] Page 25: 100 jobs (new: 2423, updated: 177)
10:01:35 [INFO] [MCF] Searching for '' (limit=100, page=26)...
10:01:37 [INFO] [MCF] Got 100 results (total: 91121)
10:01:37 [INFO] [MCF] Page 26: 100 jobs (new: 2507, updated: 193)
10:01:37 [INFO] [MCF] Searching for '' (limit=100, page=27)...
10:01:38 [INFO] [MCF] Got 100 results (total: 91121)
10:01:38 [INFO] [MCF] Page 27: 100 jobs (new: 2590, updated: 210)
10:01:39 [INFO] [MCF] Searching for '' (limit=100, page=28)...
10:01:40 [INFO] [MCF] Got 100 results (total: 91121)
10:01:40 [INFO] [MCF] Page 28: 100 jobs (new: 2660, updated: 240)
10:01:40 [INFO] [MCF] Searching for '' (limit=100, page=29)...
10:01:41 [INFO] [MCF] Got 100 results (total: 91122)
10:01:41 [INFO] [MCF] Page 29: 100 jobs (new: 2755, updated: 245)
10:01:41 [INFO] [MCF] Searching for '' (limit=100, page=30)...
10:01:42 [INFO] [MCF] Got 100 results (total: 91122)
10:01:42 [INFO] [MCF] Page 30: 100 jobs (new: 2852, updated: 248)
10:01:42 [INFO] [MCF] Searching for '' (limit=100, page=31)...
10:01:44 [INFO] [MCF] Got 100 results (total: 91123)
10:01:44 [INFO] [MCF] Page 31: 100 jobs (new: 2950, updated: 250)
10:01:44 [INFO] [MCF] Searching for '' (limit=100, page=32)...
10:01:45 [INFO] [MCF] Got 100 results (total: 91123)
10:01:45 [INFO] [MCF] Page 32: 100 jobs (new: 3024, updated: 276)
10:01:45 [INFO] [MCF] Searching for '' (limit=100, page=33)...
10:01:46 [INFO] [MCF] Got 100 results (total: 91123)
10:01:46 [INFO] [MCF] Page 33: 100 jobs (new: 3111, updated: 289)
10:01:46 [INFO] [MCF] Searching for '' (limit=100, page=34)...
10:01:48 [INFO] [MCF] Got 100 results (total: 91123)
10:01:48 [INFO] [MCF] Page 34: 100 jobs (new: 3203, updated: 297)
10:01:48 [INFO] [MCF] Searching for '' (limit=100, page=35)...
10:01:50 [INFO] [MCF] Got 100 results (total: 91123)
10:01:50 [INFO] [MCF] Page 35: 100 jobs (new: 3295, updated: 305)
10:01:51 [INFO] [MCF] Searching for '' (limit=100, page=36)...
10:01:51 [INFO] [MCF] Got 100 results (total: 91123)
10:01:52 [INFO] [MCF] Page 36: 100 jobs (new: 3375, updated: 325)
10:01:52 [INFO] [MCF] Searching for '' (limit=100, page=37)...
10:01:53 [INFO] [MCF] Got 100 results (total: 91123)
10:01:53 [INFO] [MCF] Page 37: 100 jobs (new: 3463, updated: 337)
10:01:53 [INFO] [MCF] Searching for '' (limit=100, page=38)...
10:01:54 [INFO] [MCF] Got 100 results (total: 91124)
10:01:54 [INFO] [MCF] Page 38: 100 jobs (new: 3560, updated: 340)
10:01:54 [INFO] [MCF] Searching for '' (limit=100, page=39)...
10:01:55 [INFO] [MCF] Got 100 results (total: 91124)
10:01:55 [INFO] [MCF] Page 39: 100 jobs (new: 3650, updated: 350)
10:01:56 [INFO] [MCF] Searching for '' (limit=100, page=40)...
10:01:57 [INFO] [MCF] Got 100 results (total: 91124)
10:01:58 [INFO] [MCF] Page 40: 100 jobs (new: 3720, updated: 380)
10:01:58 [INFO] [MCF] Searching for '' (limit=100, page=41)...
10:01:59 [INFO] [MCF] Got 100 results (total: 91124)
10:01:59 [INFO] [MCF] Page 41: 100 jobs (new: 3812, updated: 388)
10:01:59 [INFO] [MCF] Searching for '' (limit=100, page=42)...
10:02:00 [INFO] [MCF] Got 100 results (total: 91124)
10:02:00 [INFO] [MCF] Page 42: 100 jobs (new: 3903, updated: 397)
10:02:00 [INFO] [MCF] Searching for '' (limit=100, page=43)...
10:02:02 [INFO] [MCF] Got 100 results (total: 91124)
10:02:02 [INFO] [MCF] Page 43: 100 jobs (new: 3999, updated: 401)
10:02:02 [INFO] [MCF] Searching for '' (limit=100, page=44)...
10:02:03 [INFO] [MCF] Got 100 results (total: 91125)
10:02:03 [INFO] [MCF] Page 44: 100 jobs (new: 4094, updated: 406)
10:02:03 [INFO] [MCF] Searching for '' (limit=100, page=45)...
10:02:05 [INFO] [MCF] Got 100 results (total: 91125)
10:02:05 [INFO] [MCF] Page 45: 100 jobs (new: 4186, updated: 414)
10:02:06 [INFO] [MCF] Searching for '' (limit=100, page=46)...
10:02:08 [INFO] [MCF] Got 100 results (total: 91126)
10:02:08 [INFO] [MCF] Page 46: 100 jobs (new: 4280, updated: 420)
10:02:08 [INFO] [MCF] Searching for '' (limit=100, page=47)...
10:02:09 [INFO] [MCF] Got 100 results (total: 91127)
10:02:09 [INFO] [MCF] Page 47: 100 jobs (new: 4373, updated: 427)
10:02:09 [INFO] [MCF] Searching for '' (limit=100, page=48)...
10:02:11 [INFO] [MCF] Got 100 results (total: 91127)
10:02:11 [INFO] [MCF] Page 48: 100 jobs (new: 4471, updated: 429)
10:02:11 [INFO] [MCF] Searching for '' (limit=100, page=49)...
10:02:15 [INFO] [MCF] Got 100 results (total: 91127)
10:02:15 [INFO] [MCF] Page 49: 100 jobs (new: 4568, updated: 432)
10:02:15 [INFO] [MCF] Searching for '' (limit=100, page=50)...
10:02:19 [INFO] [MCF] Got 100 results (total: 91127)
10:02:19 [INFO] [MCF] Page 50: 100 jobs (new: 4657, updated: 443)
10:02:19 [INFO] [MCF] Searching for '' (limit=100, page=51)...
10:02:23 [INFO] [MCF] Got 100 results (total: 91127)
10:02:23 [INFO] [MCF] Page 51: 100 jobs (new: 4753, updated: 447)
10:02:23 [INFO] [MCF] Searching for '' (limit=100, page=52)...
10:02:25 [INFO] [MCF] Got 100 results (total: 91128)
10:02:25 [INFO] [MCF] Page 52: 100 jobs (new: 4836, updated: 464)
10:02:25 [INFO] [MCF] Searching for '' (limit=100, page=53)...
10:02:26 [INFO] [MCF] Got 100 results (total: 91128)
10:02:26 [INFO] [MCF] Page 53: 100 jobs (new: 4910, updated: 490)
10:02:26 [INFO] [MCF] Searching for '' (limit=100, page=54)...
10:02:29 [INFO] [MCF] Got 100 results (total: 91128)
10:02:29 [INFO] [MCF] Page 54: 100 jobs (new: 4989, updated: 511)
10:02:29 [INFO] [MCF] Searching for '' (limit=100, page=55)...
10:02:30 [INFO] [MCF] Got 100 results (total: 91129)
10:02:30 [INFO] [MCF] Page 55: 100 jobs (new: 5073, updated: 527)
10:02:30 [INFO] [MCF] Searching for '' (limit=100, page=56)...
10:02:32 [INFO] [MCF] Got 100 results (total: 91130)
10:02:32 [INFO] [MCF] Page 56: 100 jobs (new: 5167, updated: 533)
10:02:33 [INFO] [MCF] Searching for '' (limit=100, page=57)...
10:02:35 [INFO] [MCF] Got 100 results (total: 91130)
10:02:35 [INFO] [MCF] Page 57: 100 jobs (new: 5247, updated: 553)
10:02:35 [INFO] [MCF] Searching for '' (limit=100, page=58)...
10:02:36 [INFO] [MCF] Got 100 results (total: 91129)
10:02:36 [INFO] [MCF] Page 58: 100 jobs (new: 5337, updated: 563)
10:02:37 [INFO] [MCF] Searching for '' (limit=100, page=59)...
10:02:38 [INFO] [MCF] Got 100 results (total: 91129)
10:02:38 [INFO] [MCF] Page 59: 100 jobs (new: 5401, updated: 599)
10:02:39 [INFO] [MCF] Searching for '' (limit=100, page=60)...
10:02:40 [INFO] [MCF] Got 100 results (total: 91129)
10:02:40 [INFO] [MCF] Page 60: 100 jobs (new: 5461, updated: 639)
10:02:41 [INFO] [MCF] Searching for '' (limit=100, page=61)...
10:02:42 [INFO] [MCF] Got 100 results (total: 91130)
10:02:42 [INFO] [MCF] Page 61: 100 jobs (new: 5537, updated: 663)
10:02:42 [INFO] [MCF] Searching for '' (limit=100, page=62)...
10:02:43 [INFO] [MCF] Got 100 results (total: 91131)
10:02:43 [INFO] [MCF] Page 62: 100 jobs (new: 5591, updated: 709)
10:02:43 [INFO] [MCF] Searching for '' (limit=100, page=63)...
10:02:44 [INFO] [MCF] Got 100 results (total: 91131)
10:02:44 [INFO] [MCF] Page 63: 100 jobs (new: 5634, updated: 766)
10:02:45 [INFO] [MCF] Searching for '' (limit=100, page=64)...
10:02:45 [INFO] [MCF] Got 100 results (total: 91131)
10:02:46 [INFO] [MCF] Page 64: 100 jobs (new: 5720, updated: 780)
10:02:46 [INFO] [MCF] Searching for '' (limit=100, page=65)...
10:02:47 [INFO] [MCF] Got 100 results (total: 91131)
10:02:47 [INFO] [MCF] Page 65: 100 jobs (new: 5776, updated: 824)
10:02:47 [INFO] [MCF] Searching for '' (limit=100, page=66)...
10:02:49 [INFO] [MCF] Got 100 results (total: 91131)
10:02:49 [INFO] [MCF] Page 66: 100 jobs (new: 5813, updated: 887)
10:02:49 [INFO] [MCF] Searching for '' (limit=100, page=67)...
10:02:51 [INFO] [MCF] Got 100 results (total: 91132)
10:02:51 [INFO] [MCF] Page 67: 100 jobs (new: 5866, updated: 934)
10:02:51 [INFO] [MCF] Searching for '' (limit=100, page=68)...
10:02:54 [INFO] [MCF] Got 100 results (total: 91132)
10:02:54 [INFO] [MCF] Page 68: 100 jobs (new: 5924, updated: 976)
10:02:54 [INFO] [MCF] Searching for '' (limit=100, page=69)...
10:02:57 [INFO] [MCF] Got 100 results (total: 91132)
10:02:57 [INFO] [MCF] Page 69: 100 jobs (new: 6003, updated: 997)
10:02:57 [INFO] [MCF] Searching for '' (limit=100, page=70)...
10:02:58 [INFO] [MCF] Got 100 results (total: 91133)
10:02:58 [INFO] [MCF] Page 70: 100 jobs (new: 6088, updated: 1012)
10:02:58 [INFO] [MCF] Searching for '' (limit=100, page=71)...
10:02:59 [INFO] [MCF] Got 100 results (total: 91133)
10:02:59 [INFO] [MCF] Page 71: 100 jobs (new: 6177, updated: 1023)
10:02:59 [INFO] [MCF] Searching for '' (limit=100, page=72)...
10:03:01 [INFO] [MCF] Got 100 results (total: 91133)
10:03:01 [INFO] [MCF] Page 72: 100 jobs (new: 6245, updated: 1055)
10:03:01 [INFO] [MCF] Searching for '' (limit=100, page=73)...
10:03:02 [INFO] [MCF] Got 100 results (total: 91134)
10:03:02 [INFO] [MCF] Page 73: 100 jobs (new: 6283, updated: 1117)
10:03:02 [INFO] [MCF] Searching for '' (limit=100, page=74)...
10:03:03 [INFO] [MCF] Got 100 results (total: 91134)
10:03:03 [INFO] [MCF] Page 74: 100 jobs (new: 6332, updated: 1168)
10:03:04 [INFO] [MCF] Searching for '' (limit=100, page=75)...
10:03:05 [INFO] [MCF] Got 100 results (total: 91135)
10:03:05 [INFO] [MCF] Page 75: 100 jobs (new: 6404, updated: 1196)
10:03:05 [INFO] [MCF] Searching for '' (limit=100, page=76)...
10:03:06 [INFO] [MCF] Got 100 results (total: 91135)
10:03:06 [INFO] [MCF] Page 76: 100 jobs (new: 6443, updated: 1257)
10:03:06 [INFO] [MCF] Searching for '' (limit=100, page=77)...
10:03:07 [INFO] [MCF] Got 100 results (total: 91136)
10:03:07 [INFO] [MCF] Page 77: 100 jobs (new: 6515, updated: 1285)
10:03:07 [INFO] [MCF] Searching for '' (limit=100, page=78)...
10:03:09 [INFO] [MCF] Got 100 results (total: 91136)
10:03:09 [INFO] [MCF] Page 78: 100 jobs (new: 6578, updated: 1322)
10:03:09 [INFO] [MCF] Searching for '' (limit=100, page=79)...
10:03:11 [INFO] [MCF] Got 100 results (total: 91136)
10:03:11 [INFO] [MCF] Page 79: 100 jobs (new: 6663, updated: 1337)
10:03:11 [INFO] [MCF] Searching for '' (limit=100, page=80)...
10:03:13 [INFO] [MCF] Got 100 results (total: 91137)
10:03:13 [INFO] [MCF] Page 80: 100 jobs (new: 6743, updated: 1357)
10:03:13 [INFO] [MCF] Searching for '' (limit=100, page=81)...
10:03:15 [INFO] [MCF] Got 100 results (total: 91137)
10:03:15 [INFO] [MCF] Page 81: 100 jobs (new: 6833, updated: 1367)
10:03:16 [INFO] [MCF] Searching for '' (limit=100, page=82)...
10:03:17 [INFO] [MCF] Got 100 results (total: 91137)
10:03:17 [INFO] [MCF] Page 82: 100 jobs (new: 6914, updated: 1386)
10:03:18 [INFO] [MCF] Searching for '' (limit=100, page=83)...
10:03:19 [INFO] [MCF] Got 100 results (total: 91137)
10:03:19 [INFO] [MCF] Page 83: 100 jobs (new: 7011, updated: 1389)
10:03:19 [INFO] [MCF] Searching for '' (limit=100, page=84)...
10:03:21 [INFO] [MCF] Got 100 results (total: 91137)
10:03:21 [INFO] [MCF] Page 84: 100 jobs (new: 7100, updated: 1400)
10:03:21 [INFO] [MCF] Searching for '' (limit=100, page=85)...
10:03:23 [INFO] [MCF] Got 100 results (total: 91137)
10:03:23 [INFO] [MCF] Page 85: 100 jobs (new: 7185, updated: 1415)
10:03:23 [INFO] [MCF] Searching for '' (limit=100, page=86)...
10:03:25 [INFO] [MCF] Got 100 results (total: 91137)
10:03:25 [INFO] [MCF] Page 86: 100 jobs (new: 7270, updated: 1430)
10:03:26 [INFO] [MCF] Searching for '' (limit=100, page=87)...
10:03:27 [INFO] [MCF] Got 100 results (total: 91137)
10:03:28 [INFO] [MCF] Page 87: 100 jobs (new: 7347, updated: 1453)
10:03:28 [INFO] [MCF] Searching for '' (limit=100, page=88)...
10:03:29 [INFO] [MCF] Got 100 results (total: 91137)
10:03:30 [INFO] [MCF] Page 88: 100 jobs (new: 7416, updated: 1484)
10:03:30 [INFO] [MCF] Searching for '' (limit=100, page=89)...
10:03:32 [INFO] [MCF] Got 100 results (total: 91138)
10:03:32 [INFO] [MCF] Page 89: 100 jobs (new: 7505, updated: 1495)
10:03:32 [INFO] [MCF] Searching for '' (limit=100, page=90)...
10:03:33 [INFO] [MCF] Got 100 results (total: 91139)
10:03:33 [INFO] [MCF] Page 90: 100 jobs (new: 7598, updated: 1502)
10:03:33 [INFO] [MCF] Searching for '' (limit=100, page=91)...
10:03:34 [INFO] [MCF] Got 100 results (total: 91139)
10:03:34 [INFO] [MCF] Page 91: 100 jobs (new: 7689, updated: 1511)
10:03:35 [INFO] [MCF] Searching for '' (limit=100, page=92)...
10:03:37 [INFO] [MCF] Got 100 results (total: 91139)
10:03:37 [INFO] [MCF] Page 92: 100 jobs (new: 7777, updated: 1523)
10:03:38 [INFO] [MCF] Searching for '' (limit=100, page=93)...
10:03:39 [INFO] [MCF] Got 100 results (total: 91139)
10:03:39 [INFO] [MCF] Page 93: 100 jobs (new: 7875, updated: 1525)
10:03:39 [INFO] [MCF] Searching for '' (limit=100, page=94)...
10:03:40 [INFO] [MCF] Got 100 results (total: 91139)
10:03:40 [INFO] [MCF] Page 94: 100 jobs (new: 7972, updated: 1528)
10:03:41 [INFO] [MCF] Searching for '' (limit=100, page=95)...
10:03:42 [INFO] [MCF] Got 100 results (total: 91139)
10:03:42 [INFO] [MCF] Page 95: 100 jobs (new: 8063, updated: 1537)
10:03:42 [INFO] [MCF] Searching for '' (limit=100, page=96)...
10:03:44 [INFO] [MCF] Got 100 results (total: 91139)
10:03:44 [INFO] [MCF] Page 96: 100 jobs (new: 8155, updated: 1545)
10:03:44 [INFO] [MCF] Searching for '' (limit=100, page=97)...
10:03:45 [INFO] [MCF] Got 100 results (total: 91139)
10:03:45 [INFO] [MCF] Page 97: 100 jobs (new: 8246, updated: 1554)
10:03:45 [INFO] [MCF] Searching for '' (limit=100, page=98)...
10:03:46 [INFO] [MCF] Got 100 results (total: 91139)
10:03:46 [INFO] [MCF] Page 98: 100 jobs (new: 8345, updated: 1555)
10:03:46 [INFO] [MCF] Searching for '' (limit=100, page=99)...
10:03:48 [INFO] [MCF] Got 100 results (total: 91140)
10:03:48 [INFO] [MCF] Page 99: 100 jobs (new: 8432, updated: 1568)
10:03:48 [INFO] [MCF] Searching for '' (limit=100, page=100)...
10:03:49 [INFO] [MCF] Got 100 results (total: 91141)
10:03:50 [INFO] [MCF] Page 100: 100 jobs (new: 8518, updated: 1582)
10:03:50 [INFO] [MCF] Searching for '' (limit=100, page=101)...
10:03:52 [INFO] [MCF] Got 100 results (total: 91141)
10:03:52 [INFO] [MCF] Page 101: 100 jobs (new: 8599, updated: 1601)
10:03:52 [INFO] [MCF] Searching for '' (limit=100, page=102)...
10:03:53 [INFO] [MCF] Got 100 results (total: 91141)
10:03:53 [INFO] [MCF] Page 102: 100 jobs (new: 8669, updated: 1631)
10:03:53 [INFO] [MCF] Searching for '' (limit=100, page=103)...
10:03:55 [INFO] [MCF] Got 100 results (total: 91141)
10:03:55 [INFO] [MCF] Page 103: 100 jobs (new: 8737, updated: 1663)
10:03:55 [INFO] [MCF] Searching for '' (limit=100, page=104)...
10:03:57 [INFO] [MCF] Got 100 results (total: 91141)
10:03:57 [INFO] [MCF] Page 104: 100 jobs (new: 8802, updated: 1698)
10:03:57 [INFO] [MCF] Searching for '' (limit=100, page=105)...
10:03:58 [INFO] [MCF] Got 100 results (total: 91141)
10:03:58 [INFO] [MCF] Page 105: 100 jobs (new: 8870, updated: 1730)
10:03:59 [INFO] [MCF] Searching for '' (limit=100, page=106)...
10:04:00 [INFO] [MCF] Got 100 results (total: 91141)
10:04:00 [INFO] [MCF] Page 106: 100 jobs (new: 8956, updated: 1744)
10:04:00 [INFO] [MCF] Searching for '' (limit=100, page=107)...
10:04:01 [INFO] [MCF] Got 100 results (total: 91141)
10:04:01 [INFO] [MCF] Page 107: 100 jobs (new: 9045, updated: 1755)
10:04:01 [INFO] [MCF] Searching for '' (limit=100, page=108)...
10:04:02 [INFO] [MCF] Got 100 results (total: 91141)
10:04:02 [INFO] [MCF] Page 108: 100 jobs (new: 9118, updated: 1782)
10:04:03 [INFO] [MCF] Searching for '' (limit=100, page=109)...
10:04:04 [INFO] [MCF] Got 100 results (total: 91141)
10:04:04 [INFO] [MCF] Page 109: 100 jobs (new: 9168, updated: 1832)
10:04:04 [INFO] [MCF] Searching for '' (limit=100, page=110)...
10:04:06 [INFO] [MCF] Got 100 results (total: 91141)
10:04:06 [INFO] [MCF] Page 110: 100 jobs (new: 9264, updated: 1836)
10:04:06 [INFO] [MCF] Searching for '' (limit=100, page=111)...
10:04:07 [INFO] [MCF] Got 100 results (total: 91141)
10:04:07 [INFO] [MCF] Page 111: 100 jobs (new: 9352, updated: 1848)
10:04:07 [INFO] [MCF] Searching for '' (limit=100, page=112)...
10:04:08 [INFO] [MCF] Got 100 results (total: 91141)
10:04:08 [INFO] [MCF] Page 112: 100 jobs (new: 9440, updated: 1860)
10:04:09 [INFO] [MCF] Searching for '' (limit=100, page=113)...
10:04:10 [INFO] [MCF] Got 100 results (total: 91142)
10:04:11 [INFO] [MCF] Page 113: 100 jobs (new: 9536, updated: 1864)
10:04:11 [INFO] [MCF] Searching for '' (limit=100, page=114)...
10:04:12 [INFO] [MCF] Got 100 results (total: 91142)
10:04:12 [INFO] [MCF] Page 114: 100 jobs (new: 9604, updated: 1896)
10:04:13 [INFO] [MCF] Searching for '' (limit=100, page=115)...
10:04:13 [INFO] [MCF] Got 100 results (total: 91142)
10:04:14 [INFO] [MCF] Page 115: 100 jobs (new: 9646, updated: 1954)
10:04:14 [INFO] [MCF] Searching for '' (limit=100, page=116)...
10:04:15 [INFO] [MCF] Got 100 results (total: 91142)
10:04:15 [INFO] [MCF] Page 116: 100 jobs (new: 9717, updated: 1983)
10:04:15 [INFO] [MCF] Searching for '' (limit=100, page=117)...
10:04:17 [INFO] [MCF] Got 100 results (total: 91142)
10:04:17 [INFO] [MCF] Page 117: 100 jobs (new: 9766, updated: 2034)
10:04:17 [INFO] [MCF] Searching for '' (limit=100, page=118)...
10:04:18 [INFO] [MCF] Got 100 results (total: 91142)
10:04:18 [INFO] [MCF] Page 118: 100 jobs (new: 9838, updated: 2062)
10:04:18 [INFO] [MCF] Searching for '' (limit=100, page=119)...
10:04:19 [INFO] [MCF] Got 100 results (total: 91143)
10:04:19 [INFO] [MCF] Page 119: 100 jobs (new: 9904, updated: 2096)
10:04:20 [INFO] [MCF] Searching for '' (limit=100, page=120)...
10:04:20 [INFO] [MCF] Got 100 results (total: 91143)
10:04:20 [INFO] [MCF] Page 120: 100 jobs (new: 9984, updated: 2116)
10:04:21 [INFO] [MCF] Searching for '' (limit=100, page=121)...
10:04:22 [INFO] [MCF] Got 100 results (total: 91143)
10:04:22 [INFO] [MCF] Page 121: 100 jobs (new: 10068, updated: 2132)
10:04:22 [INFO] [MCF] Searching for '' (limit=100, page=122)...
10:04:23 [INFO] [MCF] Got 100 results (total: 91143)
10:04:23 [INFO] [MCF] Page 122: 100 jobs (new: 10138, updated: 2162)
10:04:23 [INFO] [MCF] Searching for '' (limit=100, page=123)...
10:04:25 [INFO] [MCF] Got 100 results (total: 91143)
10:04:25 [INFO] [MCF] Page 123: 100 jobs (new: 10204, updated: 2196)
10:04:25 [INFO] [MCF] Searching for '' (limit=100, page=124)...
10:04:27 [INFO] [MCF] Got 100 results (total: 91143)
10:04:27 [INFO] [MCF] Page 124: 100 jobs (new: 10283, updated: 2217)
10:04:28 [INFO] [MCF] Searching for '' (limit=100, page=125)...
10:04:29 [INFO] [MCF] Got 100 results (total: 91143)
10:04:29 [INFO] [MCF] Page 125: 100 jobs (new: 10349, updated: 2251)
10:04:29 [INFO] [MCF] Searching for '' (limit=100, page=126)...
10:04:31 [INFO] [MCF] Got 100 results (total: 91143)
10:04:32 [INFO] [MCF] Page 126: 100 jobs (new: 10417, updated: 2283)
10:04:32 [INFO] [MCF] Searching for '' (limit=100, page=127)...
10:04:34 [INFO] [MCF] Got 100 results (total: 91144)
10:04:34 [INFO] [MCF] Page 127: 100 jobs (new: 10503, updated: 2297)
10:04:34 [INFO] [MCF] Searching for '' (limit=100, page=128)...
10:04:35 [INFO] [MCF] Got 100 results (total: 91145)
10:04:36 [INFO] [MCF] Page 128: 100 jobs (new: 10577, updated: 2323)
10:04:36 [INFO] [MCF] Searching for '' (limit=100, page=129)...
10:04:37 [INFO] [MCF] Got 100 results (total: 91145)
10:04:37 [INFO] [MCF] Page 129: 100 jobs (new: 10666, updated: 2334)
10:04:37 [INFO] [MCF] Searching for '' (limit=100, page=130)...
10:04:39 [INFO] [MCF] Got 100 results (total: 91146)
10:04:39 [INFO] [MCF] Page 130: 100 jobs (new: 10752, updated: 2348)
10:04:39 [INFO] [MCF] Searching for '' (limit=100, page=131)...
10:04:42 [INFO] [MCF] Got 100 results (total: 91146)
10:04:42 [INFO] [MCF] Page 131: 100 jobs (new: 10818, updated: 2382)
10:04:42 [INFO] [MCF] Searching for '' (limit=100, page=132)...
10:04:43 [INFO] [MCF] Got 100 results (total: 91146)
10:04:44 [INFO] [MCF] Page 132: 100 jobs (new: 10903, updated: 2397)
10:04:44 [INFO] [MCF] Searching for '' (limit=100, page=133)...
10:04:46 [INFO] [MCF] Got 100 results (total: 91146)
10:04:46 [INFO] [MCF] Page 133: 100 jobs (new: 10993, updated: 2407)
10:04:46 [INFO] [MCF] Searching for '' (limit=100, page=134)...
10:04:47 [INFO] [MCF] Got 100 results (total: 91146)
10:04:47 [INFO] [MCF] Page 134: 100 jobs (new: 11089, updated: 2411)
10:04:48 [INFO] [MCF] Searching for '' (limit=100, page=135)...
10:04:50 [INFO] [MCF] Got 100 results (total: 91146)
10:04:50 [INFO] [MCF] Page 135: 100 jobs (new: 11163, updated: 2437)
10:04:50 [INFO] [MCF] Searching for '' (limit=100, page=136)...
10:04:52 [INFO] [MCF] Got 100 results (total: 91146)
10:04:52 [INFO] [MCF] Page 136: 100 jobs (new: 11256, updated: 2444)
10:04:52 [INFO] [MCF] Searching for '' (limit=100, page=137)...
10:04:54 [INFO] [MCF] Got 100 results (total: 91146)
10:04:54 [INFO] [MCF] Page 137: 100 jobs (new: 11343, updated: 2457)
10:04:54 [INFO] [MCF] Searching for '' (limit=100, page=138)...
10:04:56 [INFO] [MCF] Got 100 results (total: 91146)
10:04:56 [INFO] [MCF] Page 138: 100 jobs (new: 11418, updated: 2482)
10:04:56 [INFO] [MCF] Searching for '' (limit=100, page=139)...
10:04:58 [INFO] [MCF] Got 100 results (total: 91148)
10:04:58 [INFO] [MCF] Page 139: 100 jobs (new: 11474, updated: 2526)
10:04:59 [INFO] [MCF] Searching for '' (limit=100, page=140)...
10:04:59 [INFO] [MCF] Got 100 results (total: 91149)
10:04:59 [INFO] [MCF] Page 140: 100 jobs (new: 11537, updated: 2563)
10:05:00 [INFO] [MCF] Searching for '' (limit=100, page=141)...
10:05:01 [INFO] [MCF] Got 100 results (total: 91149)
10:05:01 [INFO] [MCF] Page 141: 100 jobs (new: 11620, updated: 2580)
10:05:01 [INFO] [MCF] Searching for '' (limit=100, page=142)...
10:05:02 [INFO] [MCF] Got 100 results (total: 91150)
10:05:02 [INFO] [MCF] Page 142: 100 jobs (new: 11707, updated: 2593)
10:05:03 [INFO] [MCF] Searching for '' (limit=100, page=143)...
10:05:04 [INFO] [MCF] Got 100 results (total: 91150)
10:05:04 [INFO] [MCF] Page 143: 100 jobs (new: 11789, updated: 2611)
10:05:04 [INFO] [MCF] Searching for '' (limit=100, page=144)...
10:05:06 [INFO] [MCF] Got 100 results (total: 91151)
10:05:06 [INFO] [MCF] Page 144: 100 jobs (new: 11878, updated: 2622)
10:05:06 [INFO] [MCF] Searching for '' (limit=100, page=145)...
10:05:07 [INFO] [MCF] Got 100 results (total: 91151)
10:05:08 [INFO] [MCF] Page 145: 100 jobs (new: 11972, updated: 2628)
10:05:08 [INFO] [MCF] Searching for '' (limit=100, page=146)...
10:05:09 [INFO] [MCF] Got 100 results (total: 91151)
10:05:09 [INFO] [MCF] Page 146: 100 jobs (new: 12053, updated: 2647)
10:05:09 [INFO] [MCF] Searching for '' (limit=100, page=147)...
10:05:11 [INFO] [MCF] Got 100 results (total: 91152)
10:05:11 [INFO] [MCF] Page 147: 100 jobs (new: 12126, updated: 2674)
10:05:11 [INFO] [MCF] Searching for '' (limit=100, page=148)...
10:05:12 [INFO] [MCF] Got 100 results (total: 91152)
10:05:12 [INFO] [MCF] Page 148: 100 jobs (new: 12195, updated: 2705)
10:05:12 [INFO] [MCF] Searching for '' (limit=100, page=149)...
10:05:13 [INFO] [MCF] Got 100 results (total: 91152)
10:05:13 [INFO] [MCF] Page 149: 100 jobs (new: 12244, updated: 2756)
10:05:14 [INFO] [MCF] Searching for '' (limit=100, page=150)...
10:05:15 [INFO] [MCF] Got 100 results (total: 91152)
10:05:15 [INFO] [MCF] Page 150: 100 jobs (new: 12308, updated: 2792)
10:05:15 [INFO] [MCF] Searching for '' (limit=100, page=151)...
10:05:16 [INFO] [MCF] Got 100 results (total: 91152)
10:05:16 [INFO] [MCF] Page 151: 100 jobs (new: 12358, updated: 2842)
10:05:16 [INFO] [MCF] Searching for '' (limit=100, page=152)...
10:05:17 [INFO] [MCF] Got 100 results (total: 91152)
10:05:17 [INFO] [MCF] Page 152: 100 jobs (new: 12454, updated: 2846)
10:05:18 [INFO] [MCF] Searching for '' (limit=100, page=153)...
10:05:19 [INFO] [MCF] Got 100 results (total: 91152)
10:05:19 [INFO] [MCF] Page 153: 100 jobs (new: 12539, updated: 2861)
10:05:20 [INFO] [MCF] Searching for '' (limit=100, page=154)...
10:05:21 [INFO] [MCF] Got 100 results (total: 91152)
10:05:21 [INFO] [MCF] Page 154: 100 jobs (new: 12618, updated: 2882)
10:05:22 [INFO] [MCF] Searching for '' (limit=100, page=155)...
10:05:23 [INFO] [MCF] Got 100 results (total: 91152)
10:05:23 [INFO] [MCF] Page 155: 100 jobs (new: 12670, updated: 2930)
10:05:23 [INFO] [MCF] Searching for '' (limit=100, page=156)...
10:05:25 [INFO] [MCF] Got 100 results (total: 91152)
10:05:25 [INFO] [MCF] Page 156: 100 jobs (new: 12718, updated: 2982)
10:05:25 [INFO] [MCF] Searching for '' (limit=100, page=157)...
10:05:27 [INFO] [MCF] Got 100 results (total: 91152)
10:05:27 [INFO] [MCF] Page 157: 100 jobs (new: 12799, updated: 3001)
10:05:27 [INFO] [MCF] Searching for '' (limit=100, page=158)...
10:05:28 [INFO] [MCF] Got 100 results (total: 91152)
10:05:28 [INFO] [MCF] Page 158: 100 jobs (new: 12831, updated: 3069)
10:05:28 [INFO] [MCF] Searching for '' (limit=100, page=159)...
10:05:29 [INFO] [MCF] Got 100 results (total: 91152)
10:05:29 [INFO] [MCF] Page 159: 100 jobs (new: 12863, updated: 3137)
10:05:30 [INFO] [MCF] Searching for '' (limit=100, page=160)...
10:05:31 [INFO] [MCF] Got 100 results (total: 91152)
10:05:31 [INFO] [MCF] Page 160: 100 jobs (new: 12924, updated: 3176)
10:05:31 [INFO] [MCF] Searching for '' (limit=100, page=161)...
10:05:32 [INFO] [MCF] Got 100 results (total: 91152)
10:05:32 [INFO] [MCF] Page 161: 100 jobs (new: 12983, updated: 3217)
10:05:33 [INFO] [MCF] Searching for '' (limit=100, page=162)...
10:05:35 [INFO] [MCF] Got 100 results (total: 91153)
10:05:35 [INFO] [MCF] Page 162: 100 jobs (new: 13048, updated: 3252)
10:05:35 [INFO] [MCF] Searching for '' (limit=100, page=163)...
10:05:37 [INFO] [MCF] Got 100 results (total: 91154)
10:05:37 [INFO] [MCF] Page 163: 100 jobs (new: 13102, updated: 3298)
10:05:37 [INFO] [MCF] Searching for '' (limit=100, page=164)...
10:05:39 [INFO] [MCF] Got 100 results (total: 91154)
10:05:39 [INFO] [MCF] Page 164: 100 jobs (new: 13160, updated: 3340)
10:05:39 [INFO] [MCF] Searching for '' (limit=100, page=165)...
10:05:41 [INFO] [MCF] Got 100 results (total: 91154)
10:05:41 [INFO] [MCF] Page 165: 100 jobs (new: 13228, updated: 3372)
10:05:42 [INFO] [MCF] Searching for '' (limit=100, page=166)...
10:05:43 [INFO] [MCF] Got 100 results (total: 91155)
10:05:43 [INFO] [MCF] Page 166: 100 jobs (new: 13297, updated: 3403)
10:05:44 [INFO] [MCF] Searching for '' (limit=100, page=167)...
10:05:45 [INFO] [MCF] Got 100 results (total: 91155)
10:05:45 [INFO] [MCF] Page 167: 100 jobs (new: 13360, updated: 3440)
10:05:45 [INFO] [MCF] Searching for '' (limit=100, page=168)...
10:05:46 [INFO] [MCF] Got 100 results (total: 91156)
10:05:47 [INFO] [MCF] Page 168: 100 jobs (new: 13440, updated: 3460)
10:05:47 [INFO] [MCF] Searching for '' (limit=100, page=169)...
10:05:48 [INFO] [MCF] Got 100 results (total: 91156)
10:05:48 [INFO] [MCF] Page 169: 100 jobs (new: 13523, updated: 3477)
10:05:48 [INFO] [MCF] Searching for '' (limit=100, page=170)...
10:05:49 [INFO] [MCF] Got 100 results (total: 91156)
10:05:49 [INFO] [MCF] Page 170: 100 jobs (new: 13586, updated: 3514)
10:05:49 [INFO] [MCF] Searching for '' (limit=100, page=171)...
10:05:50 [INFO] [MCF] Got 100 results (total: 91156)
10:05:50 [INFO] [MCF] Page 171: 100 jobs (new: 13668, updated: 3532)
10:05:51 [INFO] [MCF] Searching for '' (limit=100, page=172)...
10:05:52 [INFO] [MCF] Got 100 results (total: 91156)
10:05:52 [INFO] [MCF] Page 172: 100 jobs (new: 13754, updated: 3546)
10:05:53 [INFO] [MCF] Searching for '' (limit=100, page=173)...
10:05:54 [INFO] [MCF] Got 100 results (total: 91156)
10:05:54 [INFO] [MCF] Page 173: 100 jobs (new: 13834, updated: 3566)
10:05:54 [INFO] [MCF] Searching for '' (limit=100, page=174)...
10:05:56 [INFO] [MCF] Got 100 results (total: 91157)
10:05:56 [INFO] [MCF] Page 174: 100 jobs (new: 13910, updated: 3590)
10:05:56 [INFO] [MCF] Searching for '' (limit=100, page=175)...
10:05:57 [INFO] [MCF] Got 100 results (total: 91158)
10:05:57 [INFO] [MCF] Page 175: 100 jobs (new: 13992, updated: 3608)
10:05:57 [INFO] [MCF] Searching for '' (limit=100, page=176)...
10:05:59 [INFO] [MCF] Got 100 results (total: 91158)
10:05:59 [INFO] [MCF] Page 176: 100 jobs (new: 14075, updated: 3625)
10:05:59 [INFO] [MCF] Searching for '' (limit=100, page=177)...
10:06:00 [INFO] [MCF] Got 100 results (total: 91158)
10:06:00 [INFO] [MCF] Page 177: 100 jobs (new: 14150, updated: 3650)
10:06:00 [INFO] [MCF] Searching for '' (limit=100, page=178)...
10:06:02 [INFO] [MCF] Got 100 results (total: 91158)
10:06:02 [INFO] [MCF] Page 178: 100 jobs (new: 14220, updated: 3680)
10:06:02 [INFO] [MCF] Searching for '' (limit=100, page=179)...
10:06:04 [INFO] [MCF] Got 100 results (total: 91158)
10:06:04 [INFO] [MCF] Page 179: 100 jobs (new: 14291, updated: 3709)
10:06:05 [INFO] [MCF] Searching for '' (limit=100, page=180)...
10:06:06 [INFO] [MCF] Got 100 results (total: 91158)
10:06:06 [INFO] [MCF] Page 180: 100 jobs (new: 14367, updated: 3733)
10:06:06 [INFO] [MCF] Searching for '' (limit=100, page=181)...
10:06:07 [INFO] [MCF] Got 100 results (total: 91158)
10:06:07 [INFO] [MCF] Page 181: 100 jobs (new: 14438, updated: 3762)
10:06:07 [INFO] [MCF] Searching for '' (limit=100, page=182)...
10:06:09 [INFO] [MCF] Got 100 results (total: 91158)
10:06:09 [INFO] [MCF] Page 182: 100 jobs (new: 14510, updated: 3790)
10:06:09 [INFO] [MCF] Searching for '' (limit=100, page=183)...
10:06:10 [INFO] [MCF] Got 100 results (total: 91158)
10:06:10 [INFO] [MCF] Page 183: 100 jobs (new: 14586, updated: 3814)
10:06:11 [INFO] [MCF] Searching for '' (limit=100, page=184)...
10:06:12 [INFO] [MCF] Got 100 results (total: 91158)
10:06:12 [INFO] [MCF] Page 184: 100 jobs (new: 14668, updated: 3832)
10:06:12 [INFO] [MCF] Searching for '' (limit=100, page=185)...
10:06:13 [INFO] [MCF] Got 100 results (total: 91159)
10:06:13 [INFO] [MCF] Page 185: 100 jobs (new: 14727, updated: 3873)
10:06:13 [INFO] [MCF] Searching for '' (limit=100, page=186)...
10:06:15 [INFO] [MCF] Got 100 results (total: 91160)
10:06:15 [INFO] [MCF] Page 186: 100 jobs (new: 14785, updated: 3915)
10:06:15 [INFO] [MCF] Searching for '' (limit=100, page=187)...
10:06:16 [INFO] [MCF] Got 100 results (total: 91160)
10:06:16 [INFO] [MCF] Page 187: 100 jobs (new: 14858, updated: 3942)
10:06:16 [INFO] [MCF] Searching for '' (limit=100, page=188)...
10:06:18 [INFO] [MCF] Got 100 results (total: 91160)
10:06:18 [INFO] [MCF] Page 188: 100 jobs (new: 14918, updated: 3982)
10:06:18 [INFO] [MCF] Searching for '' (limit=100, page=189)...
10:06:19 [INFO] [MCF] Got 100 results (total: 91160)
10:06:19 [INFO] [MCF] Page 189: 100 jobs (new: 14969, updated: 4031)
10:06:20 [INFO] [MCF] Searching for '' (limit=100, page=190)...
10:06:21 [INFO] [MCF] Got 100 results (total: 91160)
10:06:21 [INFO] [MCF] Page 190: 100 jobs (new: 15021, updated: 4079)
10:06:21 [INFO] [MCF] Searching for '' (limit=100, page=191)...
10:06:23 [INFO] [MCF] Got 100 results (total: 91160)
10:06:24 [INFO] [MCF] Page 191: 100 jobs (new: 15086, updated: 4114)
10:06:24 [INFO] [MCF] Searching for '' (limit=100, page=192)...
10:06:25 [INFO] [MCF] Got 100 results (total: 91160)
10:06:26 [INFO] [MCF] Page 192: 100 jobs (new: 15151, updated: 4149)
10:06:26 [INFO] [MCF] Searching for '' (limit=100, page=193)...
10:06:28 [INFO] [MCF] Got 100 results (total: 91160)
10:06:28 [INFO] [MCF] Page 193: 100 jobs (new: 15211, updated: 4189)
10:06:28 [INFO] [MCF] Searching for '' (limit=100, page=194)...
10:06:30 [INFO] [MCF] Got 100 results (total: 91160)
10:06:30 [INFO] [MCF] Page 194: 100 jobs (new: 15284, updated: 4216)
10:06:31 [INFO] [MCF] Searching for '' (limit=100, page=195)...
10:06:32 [INFO] [MCF] Got 100 results (total: 91160)
10:06:32 [INFO] [MCF] Page 195: 100 jobs (new: 15336, updated: 4264)
10:06:32 [INFO] [MCF] Searching for '' (limit=100, page=196)...
10:06:33 [INFO] [MCF] Got 100 results (total: 91160)
10:06:33 [INFO] [MCF] Page 196: 100 jobs (new: 15360, updated: 4340)
10:06:34 [INFO] [MCF] Searching for '' (limit=100, page=197)...
10:06:35 [INFO] [MCF] Got 100 results (total: 91160)
10:06:35 [INFO] [MCF] Page 197: 100 jobs (new: 15411, updated: 4389)
10:06:36 [INFO] [MCF] Searching for '' (limit=100, page=198)...
10:06:37 [INFO] [MCF] Got 100 results (total: 91160)
10:06:37 [INFO] [MCF] Page 198: 100 jobs (new: 15474, updated: 4426)
10:06:37 [INFO] [MCF] Searching for '' (limit=100, page=199)...
10:06:38 [INFO] [MCF] Got 100 results (total: 91160)
10:06:38 [INFO] [MCF] Page 199: 100 jobs (new: 15572, updated: 4428)
10:06:39 [INFO] [MCF] Searching for '' (limit=100, page=200)...
10:06:40 [INFO] [MCF] Got 100 results (total: 91160)
10:06:40 [INFO] [MCF] Page 200: 100 jobs (new: 15669, updated: 4431)
10:06:40 [INFO] [MCF] Searching for '' (limit=100, page=201)...
10:06:41 [INFO] [MCF] Got 100 results (total: 91160)
10:06:41 [INFO] [MCF] Page 201: 100 jobs (new: 15760, updated: 4440)
10:06:41 [INFO] [MCF] Searching for '' (limit=100, page=202)...
10:06:43 [INFO] [MCF] Got 100 results (total: 91161)
10:06:43 [INFO] [MCF] Page 202: 100 jobs (new: 15850, updated: 4450)
10:06:44 [INFO] [MCF] Searching for '' (limit=100, page=203)...
10:06:45 [INFO] [MCF] Got 100 results (total: 91161)
10:06:45 [INFO] [MCF] Page 203: 100 jobs (new: 15943, updated: 4457)
10:06:45 [INFO] [MCF] Searching for '' (limit=100, page=204)...
10:06:47 [INFO] [MCF] Got 100 results (total: 91162)
10:06:47 [INFO] [MCF] Page 204: 100 jobs (new: 15969, updated: 4531)
10:06:47 [INFO] [MCF] Searching for '' (limit=100, page=205)...
10:06:48 [INFO] [MCF] Got 100 results (total: 91162)
10:06:48 [INFO] [MCF] Page 205: 100 jobs (new: 16006, updated: 4594)
10:06:49 [INFO] [MCF] Searching for '' (limit=100, page=206)...
10:06:50 [INFO] [MCF] Got 100 results (total: 91162)
10:06:50 [INFO] [MCF] Page 206: 100 jobs (new: 16094, updated: 4606)
10:06:50 [INFO] [MCF] Searching for '' (limit=100, page=207)...
10:06:52 [INFO] [MCF] Got 100 results (total: 91162)
10:06:52 [INFO] [MCF] Page 207: 100 jobs (new: 16175, updated: 4625)
10:06:52 [INFO] [MCF] Searching for '' (limit=100, page=208)...
10:06:54 [INFO] [MCF] Got 100 results (total: 91162)
10:06:54 [INFO] [MCF] Page 208: 100 jobs (new: 16219, updated: 4681)
10:06:54 [INFO] [MCF] Searching for '' (limit=100, page=209)...
10:06:56 [INFO] [MCF] Got 100 results (total: 91162)
10:06:56 [INFO] [MCF] Page 209: 100 jobs (new: 16267, updated: 4733)
10:06:56 [INFO] [MCF] Searching for '' (limit=100, page=210)...
10:06:58 [INFO] [MCF] Got 100 results (total: 91162)
10:06:58 [INFO] [MCF] Page 210: 100 jobs (new: 16333, updated: 4767)
10:06:58 [INFO] [MCF] Searching for '' (limit=100, page=211)...
10:06:59 [INFO] [MCF] Got 100 results (total: 91162)
10:06:59 [INFO] [MCF] Page 211: 100 jobs (new: 16404, updated: 4796)
10:07:00 [INFO] [MCF] Searching for '' (limit=100, page=212)...
10:07:00 [INFO] [MCF] Got 100 results (total: 91163)
10:07:00 [INFO] [MCF] Page 212: 100 jobs (new: 16487, updated: 4813)
10:07:01 [INFO] [MCF] Searching for '' (limit=100, page=213)...
10:07:02 [INFO] [MCF] Got 100 results (total: 91163)
10:07:02 [INFO] [MCF] Page 213: 100 jobs (new: 16572, updated: 4828)
10:07:03 [INFO] [MCF] Searching for '' (limit=100, page=214)...
10:07:04 [INFO] [MCF] Got 100 results (total: 91163)
10:07:04 [INFO] [MCF] Page 214: 100 jobs (new: 16661, updated: 4839)
10:07:04 [INFO] [MCF] Searching for '' (limit=100, page=215)...
10:07:05 [INFO] [MCF] Got 100 results (total: 91163)
10:07:05 [INFO] [MCF] Page 215: 100 jobs (new: 16757, updated: 4843)
10:07:06 [INFO] [MCF] Searching for '' (limit=100, page=216)...
10:07:06 [INFO] [MCF] Got 100 results (total: 91163)
10:07:06 [INFO] [MCF] Page 216: 100 jobs (new: 16833, updated: 4867)
10:07:07 [INFO] [MCF] Searching for '' (limit=100, page=217)...
10:07:08 [INFO] [MCF] Got 100 results (total: 91163)
10:07:08 [INFO] [MCF] Page 217: 100 jobs (new: 16930, updated: 4870)
10:07:08 [INFO] [MCF] Searching for '' (limit=100, page=218)...
10:07:09 [INFO] [MCF] Got 100 results (total: 91164)
10:07:09 [INFO] [MCF] Page 218: 100 jobs (new: 17019, updated: 4881)
10:07:09 [INFO] [MCF] Searching for '' (limit=100, page=219)...
10:07:11 [INFO] [MCF] Got 100 results (total: 91165)
10:07:11 [INFO] [MCF] Page 219: 100 jobs (new: 17106, updated: 4894)
10:07:11 [INFO] [MCF] Searching for '' (limit=100, page=220)...
10:07:13 [INFO] [MCF] Got 100 results (total: 91166)
10:07:13 [INFO] [MCF] Page 220: 100 jobs (new: 17190, updated: 4910)
10:07:13 [INFO] [MCF] Searching for '' (limit=100, page=221)...
10:07:15 [INFO] [MCF] Got 100 results (total: 91166)
10:07:15 [INFO] [MCF] Page 221: 100 jobs (new: 17270, updated: 4930)
10:07:15 [INFO] [MCF] Searching for '' (limit=100, page=222)...
10:07:16 [INFO] [MCF] Got 100 results (total: 91166)
10:07:16 [INFO] [MCF] Page 222: 100 jobs (new: 17352, updated: 4948)
10:07:17 [INFO] [MCF] Searching for '' (limit=100, page=223)...
10:07:18 [INFO] [MCF] Got 100 results (total: 91166)
10:07:18 [INFO] [MCF] Page 223: 100 jobs (new: 17431, updated: 4969)
10:07:19 [INFO] [MCF] Searching for '' (limit=100, page=224)...
10:07:20 [INFO] [MCF] Got 100 results (total: 91166)
10:07:20 [INFO] [MCF] Page 224: 100 jobs (new: 17512, updated: 4988)
10:07:21 [INFO] [MCF] Searching for '' (limit=100, page=225)...
10:07:23 [INFO] [MCF] Got 100 results (total: 91166)
10:07:23 [INFO] [MCF] Page 225: 100 jobs (new: 17597, updated: 5003)
10:07:23 [INFO] [MCF] Searching for '' (limit=100, page=226)...
10:07:25 [INFO] [MCF] Got 100 results (total: 91167)
10:07:25 [INFO] [MCF] Page 226: 100 jobs (new: 17676, updated: 5024)
10:07:25 [INFO] [MCF] Searching for '' (limit=100, page=227)...
10:07:26 [INFO] [MCF] Got 100 results (total: 91168)
10:07:26 [INFO] [MCF] Page 227: 100 jobs (new: 17761, updated: 5039)
10:07:27 [INFO] [MCF] Searching for '' (limit=100, page=228)...
10:07:28 [INFO] [MCF] Got 100 results (total: 91168)
10:07:28 [INFO] [MCF] Page 228: 100 jobs (new: 17846, updated: 5054)
10:07:28 [INFO] [MCF] Searching for '' (limit=100, page=229)...
10:07:29 [INFO] [MCF] Got 100 results (total: 91168)
10:07:29 [INFO] [MCF] Page 229: 100 jobs (new: 17933, updated: 5067)
10:07:30 [INFO] [MCF] Searching for '' (limit=100, page=230)...
10:07:31 [INFO] [MCF] Got 100 results (total: 91168)
10:07:31 [INFO] [MCF] Page 230: 100 jobs (new: 18019, updated: 5081)
10:07:31 [INFO] [MCF] Searching for '' (limit=100, page=231)...
10:07:33 [INFO] [MCF] Got 100 results (total: 91168)
10:07:33 [INFO] [MCF] Page 231: 100 jobs (new: 18097, updated: 5103)
10:07:33 [INFO] [MCF] Searching for '' (limit=100, page=232)...
10:07:37 [INFO] [MCF] Got 100 results (total: 91169)
10:07:37 [INFO] [MCF] Page 232: 100 jobs (new: 18156, updated: 5144)
10:07:37 [INFO] [MCF] Searching for '' (limit=100, page=233)...
10:07:39 [INFO] [MCF] Got 100 results (total: 91169)
10:07:39 [INFO] [MCF] Page 233: 100 jobs (new: 18227, updated: 5173)
10:07:39 [INFO] [MCF] Searching for '' (limit=100, page=234)...
10:07:41 [INFO] [MCF] Got 100 results (total: 91169)
10:07:41 [INFO] [MCF] Page 234: 100 jobs (new: 18275, updated: 5225)
10:07:41 [INFO] [MCF] Searching for '' (limit=100, page=235)...
10:07:43 [INFO] [MCF] Got 100 results (total: 91170)
10:07:43 [INFO] [MCF] Page 235: 100 jobs (new: 18325, updated: 5275)
10:07:43 [INFO] [MCF] Searching for '' (limit=100, page=236)...
10:07:45 [INFO] [MCF] Got 100 results (total: 91170)
10:07:45 [INFO] [MCF] Page 236: 100 jobs (new: 18385, updated: 5315)
10:07:45 [INFO] [MCF] Searching for '' (limit=100, page=237)...
10:07:46 [INFO] [MCF] Got 100 results (total: 91170)
10:07:46 [INFO] [MCF] Page 237: 100 jobs (new: 18456, updated: 5344)
10:07:47 [INFO] [MCF] Searching for '' (limit=100, page=238)...
10:07:48 [INFO] [MCF] Got 100 results (total: 91171)
10:07:48 [INFO] [MCF] Page 238: 100 jobs (new: 18527, updated: 5373)
10:07:49 [INFO] [MCF] Searching for '' (limit=100, page=239)...
10:07:50 [INFO] [MCF] Got 100 results (total: 91172)
10:07:50 [INFO] [MCF] Page 239: 100 jobs (new: 18599, updated: 5401)
10:07:50 [INFO] [MCF] Searching for '' (limit=100, page=240)...
10:07:52 [INFO] [MCF] Got 100 results (total: 91172)
10:07:52 [INFO] [MCF] Page 240: 100 jobs (new: 18659, updated: 5441)
10:07:53 [INFO] [MCF] Searching for '' (limit=100, page=241)...
10:07:55 [INFO] [MCF] Got 100 results (total: 91172)
10:07:55 [INFO] [MCF] Page 241: 100 jobs (new: 18730, updated: 5470)
10:07:56 [INFO] [MCF] Searching for '' (limit=100, page=242)...
10:07:57 [INFO] [MCF] Got 100 results (total: 91172)
10:07:57 [INFO] [MCF] Page 242: 100 jobs (new: 18821, updated: 5479)
10:07:57 [INFO] [MCF] Searching for '' (limit=100, page=243)...
10:08:00 [INFO] [MCF] Got 100 results (total: 91172)
10:08:00 [INFO] [MCF] Page 243: 100 jobs (new: 18913, updated: 5487)
10:08:00 [INFO] [MCF] Searching for '' (limit=100, page=244)...
10:08:01 [INFO] [MCF] Got 100 results (total: 91172)
10:08:01 [INFO] [MCF] Page 244: 100 jobs (new: 19008, updated: 5492)
10:08:01 [INFO] [MCF] Searching for '' (limit=100, page=245)...
10:08:03 [INFO] [MCF] Got 100 results (total: 91172)
10:08:03 [INFO] [MCF] Page 245: 100 jobs (new: 19100, updated: 5500)
10:08:03 [INFO] [MCF] Searching for '' (limit=100, page=246)...
10:08:04 [INFO] [MCF] Got 100 results (total: 91172)
10:08:04 [INFO] [MCF] Page 246: 100 jobs (new: 19195, updated: 5505)
10:08:05 [INFO] [MCF] Searching for '' (limit=100, page=247)...
10:08:06 [INFO] [MCF] Got 100 results (total: 91172)
10:08:06 [INFO] [MCF] Page 247: 100 jobs (new: 19285, updated: 5515)
10:08:07 [INFO] [MCF] Searching for '' (limit=100, page=248)...
10:08:08 [INFO] [MCF] Got 100 results (total: 91172)
10:08:08 [INFO] [MCF] Page 248: 100 jobs (new: 19334, updated: 5566)
10:08:08 [INFO] [MCF] Searching for '' (limit=100, page=249)...
10:08:09 [INFO] [MCF] Got 100 results (total: 91172)
10:08:09 [INFO] [MCF] Page 249: 100 jobs (new: 19390, updated: 5610)
10:08:09 [INFO] [MCF] Searching for '' (limit=100, page=250)...
10:08:11 [INFO] [MCF] Got 100 results (total: 91172)
10:08:11 [INFO] [MCF] Page 250: 100 jobs (new: 19473, updated: 5627)
10:08:11 [INFO] [MCF] Searching for '' (limit=100, page=251)...
10:08:13 [INFO] [MCF] Got 100 results (total: 91172)
10:08:13 [INFO] [MCF] Page 251: 100 jobs (new: 19528, updated: 5672)
10:08:13 [INFO] [MCF] Searching for '' (limit=100, page=252)...
10:08:15 [INFO] [MCF] Got 100 results (total: 91172)
10:08:15 [INFO] [MCF] Page 252: 100 jobs (new: 19609, updated: 5691)
10:08:15 [INFO] [MCF] Searching for '' (limit=100, page=253)...
10:08:17 [INFO] [MCF] Got 100 results (total: 91172)
10:08:17 [INFO] [MCF] Page 253: 100 jobs (new: 19685, updated: 5715)
10:08:17 [INFO] [MCF] Searching for '' (limit=100, page=254)...
10:08:18 [INFO] [MCF] Got 100 results (total: 91172)
10:08:19 [INFO] [MCF] Page 254: 100 jobs (new: 19763, updated: 5737)
10:08:19 [INFO] [MCF] Searching for '' (limit=100, page=255)...
10:08:20 [INFO] [MCF] Got 100 results (total: 91172)
10:08:20 [INFO] [MCF] Page 255: 100 jobs (new: 19835, updated: 5765)
10:08:21 [INFO] [MCF] Searching for '' (limit=100, page=256)...
10:08:22 [INFO] [MCF] Got 100 results (total: 91172)
10:08:22 [INFO] [MCF] Page 256: 100 jobs (new: 19911, updated: 5789)
10:08:22 [INFO] [MCF] Searching for '' (limit=100, page=257)...
10:08:23 [INFO] [MCF] Got 100 results (total: 91172)
10:08:23 [INFO] [MCF] Page 257: 100 jobs (new: 19993, updated: 5807)
10:08:24 [INFO] [MCF] Searching for '' (limit=100, page=258)...
10:08:26 [INFO] [MCF] Got 100 results (total: 91172)
10:08:26 [INFO] [MCF] Page 258: 100 jobs (new: 20069, updated: 5831)
10:08:26 [INFO] [MCF] Searching for '' (limit=100, page=259)...
10:08:28 [INFO] [MCF] Got 100 results (total: 91172)
10:08:28 [INFO] [MCF] Page 259: 100 jobs (new: 20138, updated: 5862)
10:08:28 [INFO] [MCF] Searching for '' (limit=100, page=260)...
10:08:30 [INFO] [MCF] Got 100 results (total: 91173)
10:08:30 [INFO] [MCF] Page 260: 100 jobs (new: 20208, updated: 5892)
10:08:30 [INFO] [MCF] Searching for '' (limit=100, page=261)...
10:08:33 [INFO] [MCF] Got 100 results (total: 91173)
10:08:33 [INFO] [MCF] Page 261: 100 jobs (new: 20264, updated: 5936)
10:08:33 [INFO] [MCF] Searching for '' (limit=100, page=262)...
10:08:35 [INFO] [MCF] Got 100 results (total: 91174)
10:08:35 [INFO] [MCF] Page 262: 100 jobs (new: 20343, updated: 5957)
10:08:35 [INFO] [MCF] Searching for '' (limit=100, page=263)...
10:08:36 [INFO] [MCF] Got 100 results (total: 91173)
10:08:36 [INFO] [MCF] Page 263: 100 jobs (new: 20421, updated: 5979)
10:08:36 [INFO] [MCF] Searching for '' (limit=100, page=264)...
10:08:38 [INFO] [MCF] Got 100 results (total: 91173)
10:08:38 [INFO] [MCF] Page 264: 100 jobs (new: 20515, updated: 5985)
10:08:39 [INFO] [MCF] Searching for '' (limit=100, page=265)...
10:08:40 [INFO] [MCF] Got 100 results (total: 91173)
10:08:40 [INFO] [MCF] Page 265: 100 jobs (new: 20600, updated: 6000)
10:08:41 [INFO] [MCF] Searching for '' (limit=100, page=266)...
10:08:43 [INFO] [MCF] Got 100 results (total: 91173)
10:08:43 [INFO] [MCF] Page 266: 100 jobs (new: 20690, updated: 6010)
10:08:43 [INFO] [MCF] Searching for '' (limit=100, page=267)...
10:08:44 [INFO] [MCF] Got 100 results (total: 91173)
10:08:45 [INFO] [MCF] Page 267: 100 jobs (new: 20777, updated: 6023)
10:08:45 [INFO] [MCF] Searching for '' (limit=100, page=268)...
10:08:46 [INFO] [MCF] Got 100 results (total: 91172)
10:08:46 [INFO] [MCF] Page 268: 100 jobs (new: 20863, updated: 6037)
10:08:47 [INFO] [MCF] Searching for '' (limit=100, page=269)...
10:08:48 [INFO] [MCF] Got 100 results (total: 91173)
10:08:48 [INFO] [MCF] Page 269: 100 jobs (new: 20952, updated: 6048)
10:08:48 [INFO] [MCF] Searching for '' (limit=100, page=270)...
10:08:50 [INFO] [MCF] Got 100 results (total: 91173)
10:08:50 [INFO] [MCF] Page 270: 100 jobs (new: 21040, updated: 6060)
10:08:51 [INFO] [MCF] Searching for '' (limit=100, page=271)...
10:08:52 [INFO] [MCF] Got 100 results (total: 91173)
10:08:52 [INFO] [MCF] Page 271: 100 jobs (new: 21132, updated: 6068)
10:08:52 [INFO] [MCF] Searching for '' (limit=100, page=272)...
10:08:53 [INFO] [MCF] Got 100 results (total: 91173)
10:08:53 [INFO] [MCF] Page 272: 100 jobs (new: 21219, updated: 6081)
10:08:53 [INFO] [MCF] Searching for '' (limit=100, page=273)...
10:08:55 [INFO] [MCF] Got 100 results (total: 91173)
10:08:55 [INFO] [MCF] Page 273: 100 jobs (new: 21296, updated: 6104)
10:08:55 [INFO] [MCF] Searching for '' (limit=100, page=274)...
10:08:57 [INFO] [MCF] Got 100 results (total: 91173)
10:08:57 [INFO] [MCF] Page 274: 100 jobs (new: 21366, updated: 6134)
10:08:58 [INFO] [MCF] Searching for '' (limit=100, page=275)...
10:08:59 [INFO] [MCF] Got 100 results (total: 91174)
10:08:59 [INFO] [MCF] Page 275: 100 jobs (new: 21424, updated: 6176)
10:08:59 [INFO] [MCF] Searching for '' (limit=100, page=276)...
10:09:00 [INFO] [MCF] Got 100 results (total: 91174)
10:09:00 [INFO] [MCF] Page 276: 100 jobs (new: 21499, updated: 6201)
10:09:01 [INFO] [MCF] Searching for '' (limit=100, page=277)...
10:09:02 [INFO] [MCF] Got 100 results (total: 91174)
10:09:02 [INFO] [MCF] Page 277: 100 jobs (new: 21567, updated: 6233)
10:09:02 [INFO] [MCF] Searching for '' (limit=100, page=278)...
10:09:03 [INFO] [MCF] Got 100 results (total: 91174)
10:09:03 [INFO] [MCF] Page 278: 100 jobs (new: 21651, updated: 6249)
10:09:03 [INFO] [MCF] Searching for '' (limit=100, page=279)...
10:09:04 [INFO] [MCF] Got 100 results (total: 91174)
10:09:04 [INFO] [MCF] Page 279: 100 jobs (new: 21713, updated: 6287)
10:09:05 [INFO] [MCF] Searching for '' (limit=100, page=280)...
10:09:06 [INFO] [MCF] Got 100 results (total: 91174)
10:09:06 [INFO] [MCF] Page 280: 100 jobs (new: 21801, updated: 6299)
10:09:06 [INFO] [MCF] Searching for '' (limit=100, page=281)...
10:09:09 [INFO] [MCF] Got 100 results (total: 91174)
10:09:09 [INFO] [MCF] Page 281: 100 jobs (new: 21881, updated: 6319)
10:09:09 [INFO] [MCF] Searching for '' (limit=100, page=282)...
10:09:10 [INFO] [MCF] Got 100 results (total: 91174)
10:09:10 [INFO] [MCF] Page 282: 100 jobs (new: 21932, updated: 6368)
10:09:10 [INFO] [MCF] Searching for '' (limit=100, page=283)...
10:09:11 [INFO] [MCF] Got 100 results (total: 91175)
10:09:11 [INFO] [MCF] Page 283: 100 jobs (new: 21993, updated: 6407)
10:09:12 [INFO] [MCF] Searching for '' (limit=100, page=284)...
10:09:13 [INFO] [MCF] Got 100 results (total: 91175)
10:09:13 [INFO] [MCF] Page 284: 100 jobs (new: 22061, updated: 6439)
10:09:14 [INFO] [MCF] Searching for '' (limit=100, page=285)...
10:09:15 [INFO] [MCF] Got 100 results (total: 91176)
10:09:15 [INFO] [MCF] Page 285: 100 jobs (new: 22141, updated: 6459)
10:09:16 [INFO] [MCF] Searching for '' (limit=100, page=286)...
10:09:17 [INFO] [MCF] Got 100 results (total: 91176)
10:09:17 [INFO] [MCF] Page 286: 100 jobs (new: 22238, updated: 6462)
10:09:18 [INFO] [MCF] Searching for '' (limit=100, page=287)...
10:09:19 [INFO] [MCF] Got 100 results (total: 91176)
10:09:19 [INFO] [MCF] Page 287: 100 jobs (new: 22330, updated: 6470)
10:09:19 [INFO] [MCF] Searching for '' (limit=100, page=288)...
10:09:20 [INFO] [MCF] Got 100 results (total: 91176)
10:09:20 [INFO] [MCF] Page 288: 100 jobs (new: 22417, updated: 6483)
10:09:21 [INFO] [MCF] Searching for '' (limit=100, page=289)...
10:09:22 [INFO] [MCF] Got 100 results (total: 91176)
10:09:22 [INFO] [MCF] Page 289: 100 jobs (new: 22477, updated: 6523)
10:09:22 [INFO] [MCF] Searching for '' (limit=100, page=290)...
10:09:23 [INFO] [MCF] Got 100 results (total: 91177)
10:09:23 [INFO] [MCF] Page 290: 100 jobs (new: 22568, updated: 6532)
10:09:23 [INFO] [MCF] Searching for '' (limit=100, page=291)...
10:09:25 [INFO] [MCF] Got 100 results (total: 91177)
10:09:25 [INFO] [MCF] Page 291: 100 jobs (new: 22630, updated: 6570)
10:09:25 [INFO] [MCF] Searching for '' (limit=100, page=292)...
10:09:27 [INFO] [MCF] Got 100 results (total: 91178)
10:09:27 [INFO] [MCF] Page 292: 100 jobs (new: 22686, updated: 6614)
10:09:28 [INFO] [MCF] Searching for '' (limit=100, page=293)...
10:09:29 [INFO] [MCF] Got 100 results (total: 91177)
10:09:29 [INFO] [MCF] Page 293: 100 jobs (new: 22753, updated: 6647)
10:09:29 [INFO] [MCF] Searching for '' (limit=100, page=294)...
10:09:31 [INFO] [MCF] Got 100 results (total: 91177)
10:09:31 [INFO] [MCF] Page 294: 100 jobs (new: 22803, updated: 6697)
10:09:31 [INFO] [MCF] Searching for '' (limit=100, page=295)...
10:09:33 [INFO] [MCF] Got 100 results (total: 91178)
10:09:33 [INFO] [MCF] Page 295: 100 jobs (new: 22854, updated: 6746)
10:09:33 [INFO] [MCF] Searching for '' (limit=100, page=296)...
10:09:34 [INFO] [MCF] Got 100 results (total: 91178)
10:09:34 [INFO] [MCF] Page 296: 100 jobs (new: 22940, updated: 6760)
10:09:34 [INFO] [MCF] Searching for '' (limit=100, page=297)...
10:09:36 [INFO] [MCF] Got 100 results (total: 91178)
10:09:36 [INFO] [MCF] Page 297: 100 jobs (new: 22987, updated: 6813)
10:09:36 [INFO] [MCF] Searching for '' (limit=100, page=298)...
10:09:38 [INFO] [MCF] Got 100 results (total: 91178)
10:09:38 [INFO] [MCF] Page 298: 100 jobs (new: 23012, updated: 6888)
10:09:38 [INFO] [MCF] Searching for '' (limit=100, page=299)...
10:09:39 [INFO] [MCF] Got 100 results (total: 91178)
10:09:39 [INFO] [MCF] Page 299: 100 jobs (new: 23067, updated: 6933)
10:09:39 [INFO] [MCF] Searching for '' (limit=100, page=300)...
10:09:40 [INFO] [MCF] Got 100 results (total: 91178)
10:09:40 [INFO] [MCF] Page 300: 100 jobs (new: 23105, updated: 6995)
10:09:41 [INFO] [MCF] Searching for '' (limit=100, page=301)...
10:09:42 [INFO] [MCF] Got 100 results (total: 91179)
10:09:42 [INFO] [MCF] Page 301: 100 jobs (new: 23170, updated: 7030)
10:09:42 [INFO] [MCF] Searching for '' (limit=100, page=302)...
10:09:44 [INFO] [MCF] Got 100 results (total: 91180)
10:09:44 [INFO] [MCF] Page 302: 100 jobs (new: 23231, updated: 7069)
10:09:44 [INFO] [MCF] Searching for '' (limit=100, page=303)...
10:09:46 [INFO] [MCF] Got 100 results (total: 91180)
10:09:46 [INFO] [MCF] Page 303: 100 jobs (new: 23279, updated: 7121)
10:09:46 [INFO] [MCF] Searching for '' (limit=100, page=304)...
10:09:47 [INFO] [MCF] Got 100 results (total: 91180)
10:09:47 [INFO] [MCF] Page 304: 100 jobs (new: 23313, updated: 7187)
10:09:47 [INFO] [MCF] Searching for '' (limit=100, page=305)...
10:09:48 [INFO] [MCF] Got 100 results (total: 91180)
10:09:48 [INFO] [MCF] Page 305: 100 jobs (new: 23377, updated: 7223)
10:09:48 [INFO] [MCF] Searching for '' (limit=100, page=306)...
10:09:50 [INFO] [MCF] Got 100 results (total: 91180)
10:09:50 [INFO] [MCF] Page 306: 100 jobs (new: 23446, updated: 7254)
10:09:50 [INFO] [MCF] Searching for '' (limit=100, page=307)...
10:09:52 [INFO] [MCF] Got 100 results (total: 91180)
10:09:52 [INFO] [MCF] Page 307: 100 jobs (new: 23504, updated: 7296)
10:09:52 [INFO] [MCF] Searching for '' (limit=100, page=308)...
10:09:54 [INFO] [MCF] Got 100 results (total: 91180)
10:09:54 [INFO] [MCF] Page 308: 100 jobs (new: 23520, updated: 7380)
10:09:54 [INFO] [MCF] Searching for '' (limit=100, page=309)...
10:09:55 [INFO] [MCF] Got 100 results (total: 91180)
10:09:55 [INFO] [MCF] Page 309: 100 jobs (new: 23558, updated: 7442)
10:09:56 [INFO] [MCF] Searching for '' (limit=100, page=310)...
10:09:57 [INFO] [MCF] Got 100 results (total: 91180)
10:09:57 [INFO] [MCF] Page 310: 100 jobs (new: 23584, updated: 7516)
10:09:58 [INFO] [MCF] Searching for '' (limit=100, page=311)...
10:09:58 [INFO] [MCF] Got 100 results (total: 91180)
10:09:58 [INFO] [MCF] Page 311: 100 jobs (new: 23635, updated: 7565)
10:09:59 [INFO] [MCF] Searching for '' (limit=100, page=312)...
10:10:00 [INFO] [MCF] Got 100 results (total: 91180)
10:10:00 [INFO] [MCF] Page 312: 100 jobs (new: 23711, updated: 7589)
10:10:00 [INFO] [MCF] Searching for '' (limit=100, page=313)...
10:10:02 [INFO] [MCF] Got 100 results (total: 91180)
10:10:02 [INFO] [MCF] Page 313: 100 jobs (new: 23750, updated: 7650)
10:10:02 [INFO] [MCF] Searching for '' (limit=100, page=314)...
10:10:04 [INFO] [MCF] Got 100 results (total: 91180)
10:10:04 [INFO] [MCF] Page 314: 100 jobs (new: 23794, updated: 7706)
10:10:04 [INFO] [MCF] Searching for '' (limit=100, page=315)...
10:10:06 [INFO] [MCF] Got 100 results (total: 91180)
10:10:06 [INFO] [MCF] Page 315: 100 jobs (new: 23829, updated: 7771)
10:10:06 [INFO] [MCF] Searching for '' (limit=100, page=316)...
10:10:07 [INFO] [MCF] Got 100 results (total: 91180)
10:10:07 [INFO] [MCF] Page 316: 100 jobs (new: 23910, updated: 7790)
10:10:08 [INFO] [MCF] Searching for '' (limit=100, page=317)...
10:10:09 [INFO] [MCF] Got 100 results (total: 91180)
10:10:09 [INFO] [MCF] Page 317: 100 jobs (new: 23995, updated: 7805)
10:10:09 [INFO] [MCF] Searching for '' (limit=100, page=318)...
10:10:11 [INFO] [MCF] Got 100 results (total: 91180)
10:10:11 [INFO] [MCF] Page 318: 100 jobs (new: 24052, updated: 7848)
10:10:11 [INFO] [MCF] Searching for '' (limit=100, page=319)...
10:10:13 [INFO] [MCF] Got 100 results (total: 91180)
10:10:13 [INFO] [MCF] Page 319: 100 jobs (new: 24077, updated: 7923)
10:10:13 [INFO] [MCF] Searching for '' (limit=100, page=320)...
10:10:14 [INFO] [MCF] Got 100 results (total: 91181)
10:10:14 [INFO] [MCF] Page 320: 100 jobs (new: 24128, updated: 7972)
10:10:15 [INFO] [MCF] Searching for '' (limit=100, page=321)...
10:10:16 [INFO] [MCF] Got 100 results (total: 91181)
10:10:17 [INFO] [MCF] Page 321: 100 jobs (new: 24194, updated: 8006)
10:10:17 [INFO] [MCF] Searching for '' (limit=100, page=322)...
10:10:19 [INFO] [MCF] Got 100 results (total: 91183)
10:10:19 [INFO] [MCF] Page 322: 100 jobs (new: 24263, updated: 8037)
10:10:20 [INFO] [MCF] Searching for '' (limit=100, page=323)...
10:10:21 [INFO] [MCF] Got 100 results (total: 91186)
10:10:21 [INFO] [MCF] Page 323: 100 jobs (new: 24323, updated: 8077)
10:10:21 [INFO] [MCF] Searching for '' (limit=100, page=324)...
10:10:22 [INFO] [MCF] Got 100 results (total: 91186)
10:10:22 [INFO] [MCF] Page 324: 100 jobs (new: 24381, updated: 8119)
10:10:23 [INFO] [MCF] Searching for '' (limit=100, page=325)...
10:10:24 [INFO] [MCF] Got 100 results (total: 91186)
10:10:24 [INFO] [MCF] Page 325: 100 jobs (new: 24444, updated: 8156)
10:10:24 [INFO] [MCF] Searching for '' (limit=100, page=326)...
10:10:26 [INFO] [MCF] Got 100 results (total: 91186)
10:10:26 [INFO] [MCF] Page 326: 100 jobs (new: 24498, updated: 8202)
10:10:26 [INFO] [MCF] Searching for '' (limit=100, page=327)...
10:10:28 [INFO] [MCF] Got 100 results (total: 91186)
10:10:28 [INFO] [MCF] Page 327: 100 jobs (new: 24571, updated: 8229)
10:10:28 [INFO] [MCF] Searching for '' (limit=100, page=328)...
10:10:30 [INFO] [MCF] Got 100 results (total: 91186)
10:10:30 [INFO] [MCF] Page 328: 100 jobs (new: 24634, updated: 8266)
10:10:30 [INFO] [MCF] Searching for '' (limit=100, page=329)...
10:10:33 [INFO] [MCF] Got 100 results (total: 91185)
10:10:33 [INFO] [MCF] Page 329: 100 jobs (new: 24700, updated: 8300)
10:10:33 [INFO] [MCF] Searching for '' (limit=100, page=330)...
10:10:34 [INFO] [MCF] Got 100 results (total: 91185)
10:10:34 [INFO] [MCF] Page 330: 100 jobs (new: 24783, updated: 8317)
10:10:34 [INFO] [MCF] Searching for '' (limit=100, page=331)...
10:10:35 [INFO] [MCF] Got 100 results (total: 91186)
10:10:35 [INFO] [MCF] Page 331: 100 jobs (new: 24850, updated: 8350)
10:10:36 [INFO] [MCF] Searching for '' (limit=100, page=332)...
10:10:37 [INFO] [MCF] Got 100 results (total: 91186)
10:10:37 [INFO] [MCF] Page 332: 100 jobs (new: 24933, updated: 8367)
10:10:37 [INFO] [MCF] Searching for '' (limit=100, page=333)...
10:10:38 [INFO] [MCF] Got 100 results (total: 91186)
10:10:38 [INFO] [MCF] Page 333: 100 jobs (new: 24998, updated: 8402)
10:10:39 [INFO] [MCF] Searching for '' (limit=100, page=334)...
10:10:39 [INFO] [MCF] Got 100 results (total: 91186)
10:10:40 [INFO] [MCF] Page 334: 100 jobs (new: 25073, updated: 8427)
10:10:40 [INFO] [MCF] Searching for '' (limit=100, page=335)...
10:10:41 [INFO] [MCF] Got 100 results (total: 91186)
10:10:41 [INFO] [MCF] Page 335: 100 jobs (new: 25161, updated: 8439)
10:10:41 [INFO] [MCF] Searching for '' (limit=100, page=336)...
10:10:43 [INFO] [MCF] Got 100 results (total: 91186)
10:10:43 [INFO] [MCF] Page 336: 100 jobs (new: 25255, updated: 8445)
10:10:44 [INFO] [MCF] Searching for '' (limit=100, page=337)...
10:10:45 [INFO] [MCF] Got 100 results (total: 91188)
10:10:45 [INFO] [MCF] Page 337: 100 jobs (new: 25348, updated: 8452)
10:10:45 [INFO] [MCF] Searching for '' (limit=100, page=338)...
10:10:46 [INFO] [MCF] Got 100 results (total: 91188)
10:10:47 [INFO] [MCF] Page 338: 100 jobs (new: 25421, updated: 8479)
10:10:47 [INFO] [MCF] Searching for '' (limit=100, page=339)...
10:10:49 [INFO] [MCF] Got 100 results (total: 91190)
10:10:49 [INFO] [MCF] Page 339: 100 jobs (new: 25499, updated: 8501)
10:10:49 [INFO] [MCF] Searching for '' (limit=100, page=340)...
10:10:51 [INFO] [MCF] Got 100 results (total: 91190)
10:10:51 [INFO] [MCF] Page 340: 100 jobs (new: 25589, updated: 8511)
10:10:51 [INFO] [MCF] Searching for '' (limit=100, page=341)...
10:10:52 [INFO] [MCF] Got 100 results (total: 91191)
10:10:52 [INFO] [MCF] Page 341: 100 jobs (new: 25678, updated: 8522)
10:10:52 [INFO] [MCF] Searching for '' (limit=100, page=342)...
10:10:54 [INFO] [MCF] Got 100 results (total: 91194)
10:10:54 [INFO] [MCF] Page 342: 100 jobs (new: 25754, updated: 8546)
10:10:54 [INFO] [MCF] Searching for '' (limit=100, page=343)...
10:10:55 [INFO] [MCF] Got 100 results (total: 91194)
10:10:55 [INFO] [MCF] Page 343: 100 jobs (new: 25823, updated: 8577)
10:10:56 [INFO] [MCF] Searching for '' (limit=100, page=344)...
10:10:57 [INFO] [MCF] Got 100 results (total: 91195)
10:10:57 [INFO] [MCF] Page 344: 100 jobs (new: 25901, updated: 8599)
10:10:58 [INFO] [MCF] Searching for '' (limit=100, page=345)...
10:10:59 [INFO] [MCF] Got 100 results (total: 91195)
10:10:59 [INFO] [MCF] Page 345: 100 jobs (new: 25970, updated: 8630)
10:10:59 [INFO] [MCF] Searching for '' (limit=100, page=346)...
10:11:01 [INFO] [MCF] Got 100 results (total: 91196)
10:11:01 [INFO] [MCF] Page 346: 100 jobs (new: 26037, updated: 8663)
10:11:01 [INFO] [MCF] Searching for '' (limit=100, page=347)...
10:11:02 [INFO] [MCF] Got 100 results (total: 91196)
10:11:02 [INFO] [MCF] Page 347: 100 jobs (new: 26097, updated: 8703)
10:11:03 [INFO] [MCF] Searching for '' (limit=100, page=348)...
10:11:04 [INFO] [MCF] Got 100 results (total: 91196)
10:11:04 [INFO] [MCF] Page 348: 100 jobs (new: 26173, updated: 8727)
10:11:04 [INFO] [MCF] Searching for '' (limit=100, page=349)...
10:11:05 [INFO] [MCF] Got 100 results (total: 91197)
10:11:05 [INFO] [MCF] Page 349: 100 jobs (new: 26235, updated: 8765)
10:11:06 [INFO] [MCF] Searching for '' (limit=100, page=350)...
10:11:07 [INFO] [MCF] Got 100 results (total: 91197)
10:11:07 [INFO] [MCF] Page 350: 100 jobs (new: 26286, updated: 8814)
10:11:07 [INFO] [MCF] Searching for '' (limit=100, page=351)...
10:11:09 [INFO] [MCF] Got 100 results (total: 91198)
10:11:09 [INFO] [MCF] Page 351: 100 jobs (new: 26319, updated: 8881)
10:11:09 [INFO] [MCF] Searching for '' (limit=100, page=352)...
10:11:11 [INFO] [MCF] Got 100 results (total: 91198)
10:11:11 [INFO] [MCF] Page 352: 100 jobs (new: 26387, updated: 8913)
10:11:12 [INFO] [MCF] Searching for '' (limit=100, page=353)...
10:11:13 [INFO] [MCF] Got 100 results (total: 91200)
10:11:13 [INFO] [MCF] Page 353: 100 jobs (new: 26435, updated: 8965)
10:11:13 [INFO] [MCF] Searching for '' (limit=100, page=354)...
10:11:16 [INFO] [MCF] Got 100 results (total: 91200)
10:11:16 [INFO] [MCF] Page 354: 100 jobs (new: 26526, updated: 8974)
10:11:16 [INFO] [MCF] Searching for '' (limit=100, page=355)...
10:11:17 [INFO] [MCF] Got 100 results (total: 91200)
10:11:17 [INFO] [MCF] Page 355: 100 jobs (new: 26615, updated: 8985)
10:11:17 [INFO] [MCF] Searching for '' (limit=100, page=356)...
10:11:19 [INFO] [MCF] Got 100 results (total: 91200)
10:11:19 [INFO] [MCF] Page 356: 100 jobs (new: 26672, updated: 9028)
10:11:20 [INFO] [MCF] Searching for '' (limit=100, page=357)...
10:11:21 [INFO] [MCF] Got 100 results (total: 91201)
10:11:22 [INFO] [MCF] Page 357: 100 jobs (new: 26763, updated: 9037)
10:11:22 [INFO] [MCF] Searching for '' (limit=100, page=358)...
10:11:23 [INFO] [MCF] Got 100 results (total: 91201)
10:11:23 [INFO] [MCF] Page 358: 100 jobs (new: 26844, updated: 9056)
10:11:24 [INFO] [MCF] Searching for '' (limit=100, page=359)...
10:11:25 [INFO] [MCF] Got 100 results (total: 91202)
10:11:25 [INFO] [MCF] Page 359: 100 jobs (new: 26914, updated: 9086)
10:11:25 [INFO] [MCF] Searching for '' (limit=100, page=360)...
10:11:27 [INFO] [MCF] Got 100 results (total: 91202)
10:11:27 [INFO] [MCF] Page 360: 100 jobs (new: 26977, updated: 9123)
10:11:27 [INFO] [MCF] Searching for '' (limit=100, page=361)...
10:11:28 [INFO] [MCF] Got 100 results (total: 91202)
10:11:28 [INFO] [MCF] Page 361: 100 jobs (new: 27044, updated: 9156)
10:11:28 [INFO] [MCF] Searching for '' (limit=100, page=362)...
10:11:30 [INFO] [MCF] Got 100 results (total: 91202)
10:11:30 [INFO] [MCF] Page 362: 100 jobs (new: 27104, updated: 9196)
10:11:30 [INFO] [MCF] Searching for '' (limit=100, page=363)...
10:11:33 [INFO] [MCF] Got 100 results (total: 91202)
10:11:33 [INFO] [MCF] Page 363: 100 jobs (new: 27167, updated: 9233)
10:11:33 [INFO] [MCF] Searching for '' (limit=100, page=364)...
10:11:35 [INFO] [MCF] Got 100 results (total: 91204)
10:11:35 [INFO] [MCF] Page 364: 100 jobs (new: 27252, updated: 9248)
10:11:35 [INFO] [MCF] Searching for '' (limit=100, page=365)...
10:11:37 [INFO] [MCF] Got 100 results (total: 91204)
10:11:37 [INFO] [MCF] Page 365: 100 jobs (new: 27327, updated: 9273)
10:11:37 [INFO] [MCF] Searching for '' (limit=100, page=366)...
10:11:38 [INFO] [MCF] Got 100 results (total: 91204)
10:11:38 [INFO] [MCF] Page 366: 100 jobs (new: 27389, updated: 9311)
10:11:39 [INFO] [MCF] Searching for '' (limit=100, page=367)...
10:11:40 [INFO] [MCF] Got 100 results (total: 91204)
10:11:40 [INFO] [MCF] Page 367: 100 jobs (new: 27458, updated: 9342)
10:11:40 [INFO] [MCF] Searching for '' (limit=100, page=368)...
10:11:41 [INFO] [MCF] Got 100 results (total: 91205)
10:11:42 [INFO] [MCF] Page 368: 100 jobs (new: 27527, updated: 9373)
10:11:42 [INFO] [MCF] Searching for '' (limit=100, page=369)...
10:11:43 [INFO] [MCF] Got 100 results (total: 91205)
10:11:43 [INFO] [MCF] Page 369: 100 jobs (new: 27594, updated: 9406)
10:11:44 [INFO] [MCF] Searching for '' (limit=100, page=370)...
10:11:45 [INFO] [MCF] Got 100 results (total: 91205)
10:11:45 [INFO] [MCF] Page 370: 100 jobs (new: 27670, updated: 9430)
10:11:45 [INFO] [MCF] Searching for '' (limit=100, page=371)...
10:11:46 [INFO] [MCF] Got 100 results (total: 91205)
10:11:46 [INFO] [MCF] Page 371: 100 jobs (new: 27751, updated: 9449)
10:11:47 [INFO] [MCF] Searching for '' (limit=100, page=372)...
10:11:48 [INFO] [MCF] Got 100 results (total: 91206)
10:11:48 [INFO] [MCF] Page 372: 100 jobs (new: 27820, updated: 9480)
10:11:49 [INFO] [MCF] Searching for '' (limit=100, page=373)...
10:11:50 [INFO] [MCF] Got 100 results (total: 91206)
10:11:50 [INFO] [MCF] Page 373: 100 jobs (new: 27900, updated: 9500)
10:11:50 [INFO] [MCF] Searching for '' (limit=100, page=374)...
10:11:51 [INFO] [MCF] Got 100 results (total: 91206)
10:11:51 [INFO] [MCF] Page 374: 100 jobs (new: 27992, updated: 9508)
10:11:52 [INFO] [MCF] Searching for '' (limit=100, page=375)...
10:11:53 [INFO] [MCF] Got 100 results (total: 91208)
10:11:53 [INFO] [MCF] Page 375: 100 jobs (new: 28082, updated: 9518)
10:11:53 [INFO] [MCF] Searching for '' (limit=100, page=376)...
10:11:54 [INFO] [MCF] Got 100 results (total: 91208)
10:11:54 [INFO] [MCF] Page 376: 100 jobs (new: 28154, updated: 9546)
10:11:55 [INFO] [MCF] Searching for '' (limit=100, page=377)...
10:11:56 [INFO] [MCF] Got 100 results (total: 91208)
10:11:56 [INFO] [MCF] Page 377: 100 jobs (new: 28230, updated: 9570)
10:11:56 [INFO] [MCF] Searching for '' (limit=100, page=378)...
10:11:57 [INFO] [MCF] Got 100 results (total: 91208)
10:11:57 [INFO] [MCF] Page 378: 100 jobs (new: 28323, updated: 9577)
10:11:57 [INFO] [MCF] Searching for '' (limit=100, page=379)...
10:11:59 [INFO] [MCF] Got 100 results (total: 91208)
10:11:59 [INFO] [MCF] Page 379: 100 jobs (new: 28403, updated: 9597)
10:11:59 [INFO] [MCF] Searching for '' (limit=100, page=380)...
10:12:00 [INFO] [MCF] Got 100 results (total: 91208)
10:12:00 [INFO] [MCF] Page 380: 100 jobs (new: 28496, updated: 9604)
10:12:00 [INFO] [MCF] Searching for '' (limit=100, page=381)...
10:12:02 [INFO] [MCF] Got 100 results (total: 91208)
10:12:02 [INFO] [MCF] Page 381: 100 jobs (new: 28563, updated: 9637)
10:12:03 [INFO] [MCF] Searching for '' (limit=100, page=382)...
10:12:04 [INFO] [MCF] Got 100 results (total: 91207)
10:12:04 [INFO] [MCF] Page 382: 100 jobs (new: 28632, updated: 9668)
10:12:05 [INFO] [MCF] Searching for '' (limit=100, page=383)...
10:12:05 [INFO] [MCF] Got 100 results (total: 91207)
10:12:05 [INFO] [MCF] Page 383: 100 jobs (new: 28713, updated: 9687)
10:12:06 [INFO] [MCF] Searching for '' (limit=100, page=384)...
10:12:07 [INFO] [MCF] Got 100 results (total: 91207)
10:12:07 [INFO] [MCF] Page 384: 100 jobs (new: 28782, updated: 9718)
10:12:07 [INFO] [MCF] Searching for '' (limit=100, page=385)...
10:12:09 [INFO] [MCF] Got 100 results (total: 91207)
10:12:09 [INFO] [MCF] Page 385: 100 jobs (new: 28869, updated: 9731)
10:12:09 [INFO] [MCF] Searching for '' (limit=100, page=386)...
10:12:10 [INFO] [MCF] Got 100 results (total: 91207)
10:12:10 [INFO] [MCF] Page 386: 100 jobs (new: 28943, updated: 9757)
10:12:10 [INFO] [MCF] Searching for '' (limit=100, page=387)...
10:12:12 [INFO] [MCF] Got 100 results (total: 91207)
10:12:12 [INFO] [MCF] Page 387: 100 jobs (new: 29038, updated: 9762)
10:12:13 [INFO] [MCF] Searching for '' (limit=100, page=388)...
10:12:15 [INFO] [MCF] Got 100 results (total: 91208)
10:12:15 [INFO] [MCF] Page 388: 100 jobs (new: 29121, updated: 9779)
10:12:15 [INFO] [MCF] Searching for '' (limit=100, page=389)...
10:12:16 [INFO] [MCF] Got 100 results (total: 91209)
10:12:16 [INFO] [MCF] Page 389: 100 jobs (new: 29206, updated: 9794)
10:12:16 [INFO] [MCF] Searching for '' (limit=100, page=390)...
10:12:17 [INFO] [MCF] Got 100 results (total: 91210)
10:12:18 [INFO] [MCF] Page 390: 100 jobs (new: 29292, updated: 9808)
10:12:18 [INFO] [MCF] Searching for '' (limit=100, page=391)...
10:12:19 [INFO] [MCF] Got 100 results (total: 91210)
10:12:19 [INFO] [MCF] Page 391: 100 jobs (new: 29344, updated: 9856)
10:12:19 [INFO] [MCF] Searching for '' (limit=100, page=392)...
10:12:21 [INFO] [MCF] Got 100 results (total: 91210)
10:12:21 [INFO] [MCF] Page 392: 100 jobs (new: 29414, updated: 9886)
10:12:21 [INFO] [MCF] Searching for '' (limit=100, page=393)...
10:12:23 [INFO] [MCF] Got 100 results (total: 91212)
10:12:23 [INFO] [MCF] Page 393: 100 jobs (new: 29490, updated: 9910)
10:12:23 [INFO] [MCF] Searching for '' (limit=100, page=394)...
10:12:25 [INFO] [MCF] Got 100 results (total: 91212)
10:12:25 [INFO] [MCF] Page 394: 100 jobs (new: 29569, updated: 9931)
10:12:25 [INFO] [MCF] Searching for '' (limit=100, page=395)...
10:12:27 [INFO] [MCF] Got 100 results (total: 91213)
10:12:27 [INFO] [MCF] Page 395: 100 jobs (new: 29649, updated: 9951)
10:12:27 [INFO] [MCF] Searching for '' (limit=100, page=396)...
10:12:29 [INFO] [MCF] Got 100 results (total: 91215)
10:12:29 [INFO] [MCF] Page 396: 100 jobs (new: 29734, updated: 9966)
10:12:29 [INFO] [MCF] Searching for '' (limit=100, page=397)...
10:12:31 [INFO] [MCF] Got 100 results (total: 91216)
10:12:31 [INFO] [MCF] Page 397: 100 jobs (new: 29818, updated: 9982)
10:12:31 [INFO] [MCF] Searching for '' (limit=100, page=398)...
10:12:33 [INFO] [MCF] Got 100 results (total: 91216)
10:12:33 [INFO] [MCF] Page 398: 100 jobs (new: 29899, updated: 10001)
10:12:34 [INFO] [MCF] Searching for '' (limit=100, page=399)...
10:12:35 [INFO] [MCF] Got 100 results (total: 91216)
10:12:35 [INFO] [MCF] Page 399: 100 jobs (new: 29969, updated: 10031)
10:12:35 [INFO] [MCF] Searching for '' (limit=100, page=400)...
10:12:37 [INFO] [MCF] Got 100 results (total: 91216)
10:12:37 [INFO] [MCF] Page 400: 100 jobs (new: 30041, updated: 10059)
10:12:38 [INFO] [MCF] Searching for '' (limit=100, page=401)...
10:12:39 [INFO] [MCF] Got 100 results (total: 91216)
10:12:39 [INFO] [MCF] Page 401: 100 jobs (new: 30080, updated: 10120)
10:12:40 [INFO] [MCF] Searching for '' (limit=100, page=402)...
10:12:40 [INFO] [MCF] Got 100 results (total: 91216)
10:12:41 [INFO] [MCF] Page 402: 100 jobs (new: 30141, updated: 10159)
10:12:41 [INFO] [MCF] Searching for '' (limit=100, page=403)...
10:12:42 [INFO] [MCF] Got 100 results (total: 91216)
10:12:42 [INFO] [MCF] Page 403: 100 jobs (new: 30210, updated: 10190)
10:12:42 [INFO] [MCF] Searching for '' (limit=100, page=404)...
10:12:44 [INFO] [MCF] Got 100 results (total: 91216)
10:12:44 [INFO] [MCF] Page 404: 100 jobs (new: 30278, updated: 10222)
10:12:45 [INFO] [MCF] Searching for '' (limit=100, page=405)...
10:12:47 [INFO] [MCF] Got 100 results (total: 91216)
10:12:47 [INFO] [MCF] Page 405: 100 jobs (new: 30344, updated: 10256)
10:12:47 [INFO] [MCF] Searching for '' (limit=100, page=406)...
10:12:49 [INFO] [MCF] Got 100 results (total: 91217)
10:12:49 [INFO] [MCF] Page 406: 100 jobs (new: 30404, updated: 10296)
10:12:49 [INFO] [MCF] Searching for '' (limit=100, page=407)...
10:12:50 [INFO] [MCF] Got 100 results (total: 91216)
10:12:50 [INFO] [MCF] Page 407: 100 jobs (new: 30465, updated: 10335)
10:12:50 [INFO] [MCF] Searching for '' (limit=100, page=408)...
10:12:52 [INFO] [MCF] Got 100 results (total: 91216)
10:12:52 [INFO] [MCF] Page 408: 100 jobs (new: 30538, updated: 10362)
10:12:53 [INFO] [MCF] Searching for '' (limit=100, page=409)...
10:12:54 [INFO] [MCF] Got 100 results (total: 91216)
10:12:54 [INFO] [MCF] Page 409: 100 jobs (new: 30604, updated: 10396)
10:12:54 [INFO] [MCF] Searching for '' (limit=100, page=410)...
10:12:56 [INFO] [MCF] Got 100 results (total: 91216)
10:12:56 [INFO] [MCF] Page 410: 100 jobs (new: 30686, updated: 10414)
10:12:56 [INFO] [MCF] Searching for '' (limit=100, page=411)...
10:12:58 [INFO] [MCF] Got 100 results (total: 91216)
10:12:58 [INFO] [MCF] Page 411: 100 jobs (new: 30750, updated: 10450)
10:12:58 [INFO] [MCF] Searching for '' (limit=100, page=412)...
10:12:59 [INFO] [MCF] Got 100 results (total: 91217)
10:12:59 [INFO] [MCF] Page 412: 100 jobs (new: 30827, updated: 10473)
10:12:59 [INFO] [MCF] Searching for '' (limit=100, page=413)...
10:13:01 [INFO] [MCF] Got 100 results (total: 91217)
10:13:01 [INFO] [MCF] Page 413: 100 jobs (new: 30907, updated: 10493)
10:13:01 [INFO] [MCF] Searching for '' (limit=100, page=414)...
10:13:02 [INFO] [MCF] Got 100 results (total: 91217)
10:13:02 [INFO] [MCF] Page 414: 100 jobs (new: 30996, updated: 10504)
10:13:03 [INFO] [MCF] Searching for '' (limit=100, page=415)...
10:13:04 [INFO] [MCF] Got 100 results (total: 91218)
10:13:04 [INFO] [MCF] Page 415: 100 jobs (new: 31072, updated: 10528)
10:13:05 [INFO] [MCF] Searching for '' (limit=100, page=416)...
10:13:06 [INFO] [MCF] Got 100 results (total: 91218)
10:13:06 [INFO] [MCF] Page 416: 100 jobs (new: 31145, updated: 10555)
10:13:06 [INFO] [MCF] Searching for '' (limit=100, page=417)...
10:13:08 [INFO] [MCF] Got 100 results (total: 91220)
10:13:08 [INFO] [MCF] Page 417: 100 jobs (new: 31225, updated: 10575)
10:13:08 [INFO] [MCF] Searching for '' (limit=100, page=418)...
10:13:10 [INFO] [MCF] Got 100 results (total: 91221)
10:13:10 [INFO] [MCF] Page 418: 100 jobs (new: 31315, updated: 10585)
10:13:10 [INFO] [MCF] Searching for '' (limit=100, page=419)...
10:13:11 [INFO] [MCF] Got 100 results (total: 91221)
10:13:11 [INFO] [MCF] Page 419: 100 jobs (new: 31387, updated: 10613)
10:13:12 [INFO] [MCF] Searching for '' (limit=100, page=420)...
10:13:13 [INFO] [MCF] Got 100 results (total: 91222)
10:13:13 [INFO] [MCF] Page 420: 100 jobs (new: 31467, updated: 10633)
10:13:13 [INFO] [MCF] Searching for '' (limit=100, page=421)...
10:13:14 [INFO] [MCF] Got 100 results (total: 91222)
10:13:14 [INFO] [MCF] Page 421: 100 jobs (new: 31556, updated: 10644)
10:13:15 [INFO] [MCF] Searching for '' (limit=100, page=422)...
10:13:17 [INFO] [MCF] Got 100 results (total: 91222)
10:13:17 [INFO] [MCF] Page 422: 100 jobs (new: 31622, updated: 10678)
10:13:17 [INFO] [MCF] Searching for '' (limit=100, page=423)...
10:13:19 [INFO] [MCF] Got 100 results (total: 91222)
10:13:19 [INFO] [MCF] Page 423: 100 jobs (new: 31713, updated: 10687)
10:13:19 [INFO] [MCF] Searching for '' (limit=100, page=424)...
10:13:20 [INFO] [MCF] Got 100 results (total: 91222)
10:13:20 [INFO] [MCF] Page 424: 100 jobs (new: 31803, updated: 10697)
10:13:21 [INFO] [MCF] Searching for '' (limit=100, page=425)...
10:13:23 [INFO] [MCF] Got 100 results (total: 91222)
10:13:23 [INFO] [MCF] Page 425: 100 jobs (new: 31883, updated: 10717)
10:13:23 [INFO] [MCF] Searching for '' (limit=100, page=426)...
10:13:25 [INFO] [MCF] Got 100 results (total: 91223)
10:13:25 [INFO] [MCF] Page 426: 100 jobs (new: 31971, updated: 10729)
10:13:25 [INFO] [MCF] Searching for '' (limit=100, page=427)...
10:13:27 [INFO] [MCF] Got 100 results (total: 91224)
10:13:27 [INFO] [MCF] Page 427: 100 jobs (new: 32057, updated: 10743)
10:13:28 [INFO] [MCF] Searching for '' (limit=100, page=428)...
10:13:30 [INFO] [MCF] Got 100 results (total: 91224)
10:13:30 [INFO] [MCF] Page 428: 100 jobs (new: 32143, updated: 10757)
10:13:30 [INFO] [MCF] Searching for '' (limit=100, page=429)...
10:13:31 [INFO] [MCF] Got 100 results (total: 91225)
10:13:31 [INFO] [MCF] Page 429: 100 jobs (new: 32222, updated: 10778)
10:13:32 [INFO] [MCF] Searching for '' (limit=100, page=430)...
10:13:33 [INFO] [MCF] Got 100 results (total: 91225)
10:13:33 [INFO] [MCF] Page 430: 100 jobs (new: 32282, updated: 10818)
10:13:33 [INFO] [MCF] Searching for '' (limit=100, page=431)...
10:13:34 [INFO] [MCF] Got 100 results (total: 91225)
10:13:34 [INFO] [MCF] Page 431: 100 jobs (new: 32361, updated: 10839)
10:13:35 [INFO] [MCF] Searching for '' (limit=100, page=432)...
10:13:35 [INFO] [MCF] Got 100 results (total: 91225)
10:13:36 [INFO] [MCF] Page 432: 100 jobs (new: 32440, updated: 10860)
10:13:36 [INFO] [MCF] Searching for '' (limit=100, page=433)...
10:13:37 [INFO] [MCF] Got 100 results (total: 91225)
10:13:37 [INFO] [MCF] Page 433: 100 jobs (new: 32459, updated: 10941)
10:13:37 [INFO] [MCF] Searching for '' (limit=100, page=434)...
10:13:38 [INFO] [MCF] Got 100 results (total: 91225)
10:13:38 [INFO] [MCF] Page 434: 100 jobs (new: 32530, updated: 10970)
10:13:39 [INFO] [MCF] Searching for '' (limit=100, page=435)...
10:13:41 [INFO] [MCF] Got 100 results (total: 91225)
10:13:41 [INFO] [MCF] Page 435: 100 jobs (new: 32603, updated: 10997)
10:13:41 [INFO] [MCF] Searching for '' (limit=100, page=436)...
10:13:42 [INFO] [MCF] Got 100 results (total: 91225)
10:13:43 [INFO] [MCF] Page 436: 100 jobs (new: 32663, updated: 11037)
10:13:43 [INFO] [MCF] Searching for '' (limit=100, page=437)...
10:13:44 [INFO] [MCF] Got 100 results (total: 91225)
10:13:44 [INFO] [MCF] Page 437: 100 jobs (new: 32748, updated: 11052)
10:13:44 [INFO] [MCF] Searching for '' (limit=100, page=438)...
10:13:45 [INFO] [MCF] Got 100 results (total: 91226)
10:13:45 [INFO] [MCF] Page 438: 100 jobs (new: 32835, updated: 11065)
10:13:45 [INFO] [MCF] Searching for '' (limit=100, page=439)...
10:13:48 [INFO] [MCF] Got 100 results (total: 91226)
10:13:48 [INFO] [MCF] Page 439: 100 jobs (new: 32928, updated: 11072)
10:13:48 [INFO] [MCF] Searching for '' (limit=100, page=440)...
10:13:49 [INFO] [MCF] Got 100 results (total: 91226)
10:13:49 [INFO] [MCF] Page 440: 100 jobs (new: 32978, updated: 11122)
10:13:50 [INFO] [MCF] Searching for '' (limit=100, page=441)...
10:13:51 [INFO] [MCF] Got 100 results (total: 91226)
10:13:51 [INFO] [MCF] Page 441: 100 jobs (new: 33044, updated: 11156)
10:13:51 [INFO] [MCF] Searching for '' (limit=100, page=442)...
10:13:53 [INFO] [MCF] Got 100 results (total: 91226)
10:13:53 [INFO] [MCF] Page 442: 100 jobs (new: 33086, updated: 11214)
10:13:53 [INFO] [MCF] Searching for '' (limit=100, page=443)...
10:13:55 [INFO] [MCF] Got 100 results (total: 91227)
10:13:55 [INFO] [MCF] Page 443: 100 jobs (new: 33157, updated: 11243)
10:13:56 [INFO] [MCF] Searching for '' (limit=100, page=444)...
10:13:57 [INFO] [MCF] Got 100 results (total: 91227)
10:13:57 [INFO] [MCF] Page 444: 100 jobs (new: 33249, updated: 11251)
10:13:58 [INFO] [MCF] Searching for '' (limit=100, page=445)...
10:13:59 [INFO] [MCF] Got 100 results (total: 91227)
10:13:59 [INFO] [MCF] Page 445: 100 jobs (new: 33320, updated: 11280)
10:13:59 [INFO] [MCF] Searching for '' (limit=100, page=446)...
10:14:00 [INFO] [MCF] Got 100 results (total: 91227)
10:14:00 [INFO] [MCF] Page 446: 100 jobs (new: 33400, updated: 11300)
10:14:01 [INFO] [MCF] Searching for '' (limit=100, page=447)...
10:14:02 [INFO] [MCF] Got 100 results (total: 91227)
10:14:02 [INFO] [MCF] Page 447: 100 jobs (new: 33476, updated: 11324)
10:14:02 [INFO] [MCF] Searching for '' (limit=100, page=448)...
10:14:03 [INFO] [MCF] Got 100 results (total: 91227)
10:14:03 [INFO] [MCF] Page 448: 100 jobs (new: 33533, updated: 11367)
10:14:04 [INFO] [MCF] Searching for '' (limit=100, page=449)...
10:14:05 [INFO] [MCF] Got 100 results (total: 91227)
10:14:05 [INFO] [MCF] Page 449: 100 jobs (new: 33601, updated: 11399)
10:14:05 [INFO] [MCF] Searching for '' (limit=100, page=450)...
10:14:06 [INFO] [MCF] Got 100 results (total: 91227)
10:14:06 [INFO] [MCF] Page 450: 100 jobs (new: 33675, updated: 11425)
10:14:06 [INFO] [MCF] Searching for '' (limit=100, page=451)...
10:14:08 [INFO] [MCF] Got 100 results (total: 91227)
10:14:08 [INFO] [MCF] Page 451: 100 jobs (new: 33744, updated: 11456)
10:14:08 [INFO] [MCF] Searching for '' (limit=100, page=452)...
10:14:09 [INFO] [MCF] Got 100 results (total: 91228)
10:14:09 [INFO] [MCF] Page 452: 100 jobs (new: 33817, updated: 11483)
10:14:09 [INFO] [MCF] Searching for '' (limit=100, page=453)...
10:14:11 [INFO] [MCF] Got 100 results (total: 91228)
10:14:11 [INFO] [MCF] Page 453: 100 jobs (new: 33907, updated: 11493)
10:14:11 [INFO] [MCF] Searching for '' (limit=100, page=454)...
10:14:12 [INFO] [MCF] Got 100 results (total: 91228)
10:14:12 [INFO] [MCF] Page 454: 100 jobs (new: 33994, updated: 11506)
10:14:13 [INFO] [MCF] Searching for '' (limit=100, page=455)...
10:14:14 [INFO] [MCF] Got 100 results (total: 91228)
10:14:14 [INFO] [MCF] Page 455: 100 jobs (new: 34073, updated: 11527)
10:14:14 [INFO] [MCF] Searching for '' (limit=100, page=456)...
10:14:16 [INFO] [MCF] Got 100 results (total: 91228)
10:14:16 [INFO] [MCF] Page 456: 100 jobs (new: 34163, updated: 11537)
10:14:16 [INFO] [MCF] Searching for '' (limit=100, page=457)...
10:14:18 [INFO] [MCF] Got 100 results (total: 91228)
10:14:18 [INFO] [MCF] Page 457: 100 jobs (new: 34253, updated: 11547)
10:14:18 [INFO] [MCF] Searching for '' (limit=100, page=458)...
10:14:20 [INFO] [MCF] Got 100 results (total: 91229)
10:14:20 [INFO] [MCF] Page 458: 100 jobs (new: 34326, updated: 11574)
10:14:21 [INFO] [MCF] Searching for '' (limit=100, page=459)...
10:14:23 [INFO] [MCF] Got 100 results (total: 91229)
10:14:23 [INFO] [MCF] Page 459: 100 jobs (new: 34406, updated: 11594)
10:14:23 [INFO] [MCF] Searching for '' (limit=100, page=460)...
10:14:24 [INFO] [MCF] Got 100 results (total: 91229)
10:14:24 [INFO] [MCF] Page 460: 100 jobs (new: 34488, updated: 11612)
10:14:24 [INFO] [MCF] Searching for '' (limit=100, page=461)...
10:14:25 [INFO] [MCF] Got 100 results (total: 91229)
10:14:25 [INFO] [MCF] Page 461: 100 jobs (new: 34558, updated: 11642)
10:14:25 [INFO] [MCF] Searching for '' (limit=100, page=462)...
10:14:28 [INFO] [MCF] Got 100 results (total: 91230)
10:14:28 [INFO] [MCF] Page 462: 100 jobs (new: 34643, updated: 11657)
10:14:28 [INFO] [MCF] Searching for '' (limit=100, page=463)...
10:14:29 [INFO] [MCF] Got 100 results (total: 91230)
10:14:29 [INFO] [MCF] Page 463: 100 jobs (new: 34730, updated: 11670)
10:14:29 [INFO] [MCF] Searching for '' (limit=100, page=464)...
10:14:30 [INFO] [MCF] Got 100 results (total: 91230)
10:14:30 [INFO] [MCF] Page 464: 100 jobs (new: 34806, updated: 11694)
10:14:31 [INFO] [MCF] Searching for '' (limit=100, page=465)...
10:14:32 [INFO] [MCF] Got 100 results (total: 91231)
10:14:32 [INFO] [MCF] Page 465: 100 jobs (new: 34900, updated: 11700)
10:14:33 [INFO] [MCF] Searching for '' (limit=100, page=466)...
10:14:35 [INFO] [MCF] Got 100 results (total: 91232)
10:14:35 [INFO] [MCF] Page 466: 100 jobs (new: 34982, updated: 11718)
10:14:35 [INFO] [MCF] Searching for '' (limit=100, page=467)...
10:14:37 [INFO] [MCF] Got 100 results (total: 91232)
10:14:37 [INFO] [MCF] Page 467: 100 jobs (new: 35076, updated: 11724)
10:14:37 [INFO] [MCF] Searching for '' (limit=100, page=468)...
10:14:39 [INFO] [MCF] Got 100 results (total: 91232)
10:14:39 [INFO] [MCF] Page 468: 100 jobs (new: 35166, updated: 11734)
10:14:39 [INFO] [MCF] Searching for '' (limit=100, page=469)...
10:14:41 [INFO] [MCF] Got 100 results (total: 91232)
10:14:41 [INFO] [MCF] Page 469: 100 jobs (new: 35241, updated: 11759)
10:14:41 [INFO] [MCF] Searching for '' (limit=100, page=470)...
10:14:42 [INFO] [MCF] Got 100 results (total: 91232)
10:14:42 [INFO] [MCF] Page 470: 100 jobs (new: 35308, updated: 11792)
10:14:43 [INFO] [MCF] Searching for '' (limit=100, page=471)...
10:14:43 [INFO] [MCF] Got 100 results (total: 91232)
10:14:44 [INFO] [MCF] Page 471: 100 jobs (new: 35383, updated: 11817)
10:14:44 [INFO] [MCF] Searching for '' (limit=100, page=472)...
10:14:45 [INFO] [MCF] Got 100 results (total: 91232)
10:14:45 [INFO] [MCF] Page 472: 100 jobs (new: 35464, updated: 11836)
10:14:46 [INFO] [MCF] Searching for '' (limit=100, page=473)...
10:14:47 [INFO] [MCF] Got 100 results (total: 91232)
10:14:47 [INFO] [MCF] Page 473: 100 jobs (new: 35539, updated: 11861)
10:14:47 [INFO] [MCF] Searching for '' (limit=100, page=474)...
10:14:48 [INFO] [MCF] Got 100 results (total: 91232)
10:14:48 [INFO] [MCF] Page 474: 100 jobs (new: 35581, updated: 11919)
10:14:48 [INFO] [MCF] Searching for '' (limit=100, page=475)...
10:14:51 [INFO] [MCF] Got 100 results (total: 91232)
10:14:51 [INFO] [MCF] Page 475: 100 jobs (new: 35632, updated: 11968)
10:14:51 [INFO] [MCF] Searching for '' (limit=100, page=476)...
10:14:52 [INFO] [MCF] Got 100 results (total: 91233)
10:14:52 [INFO] [MCF] Page 476: 100 jobs (new: 35707, updated: 11993)
10:14:53 [INFO] [MCF] Searching for '' (limit=100, page=477)...
10:14:54 [INFO] [MCF] Got 100 results (total: 91233)
10:14:54 [INFO] [MCF] Page 477: 100 jobs (new: 35773, updated: 12027)
10:14:54 [INFO] [MCF] Searching for '' (limit=100, page=478)...
10:14:55 [INFO] [MCF] Got 100 results (total: 91234)
10:14:55 [INFO] [MCF] Page 478: 100 jobs (new: 35853, updated: 12047)
10:14:55 [INFO] [MCF] Searching for '' (limit=100, page=479)...
10:14:57 [INFO] [MCF] Got 100 results (total: 91234)
10:14:57 [INFO] [MCF] Page 479: 100 jobs (new: 35945, updated: 12055)
10:14:57 [INFO] [MCF] Searching for '' (limit=100, page=480)...
10:14:59 [INFO] [MCF] Got 100 results (total: 91235)
10:14:59 [INFO] [MCF] Page 480: 100 jobs (new: 36037, updated: 12063)
10:14:59 [INFO] [MCF] Searching for '' (limit=100, page=481)...
10:15:01 [INFO] [MCF] Got 100 results (total: 91236)
10:15:01 [INFO] [MCF] Page 481: 100 jobs (new: 36132, updated: 12068)
10:15:01 [INFO] [MCF] Searching for '' (limit=100, page=482)...
10:15:03 [INFO] [MCF] Got 100 results (total: 91236)
10:15:03 [INFO] [MCF] Page 482: 100 jobs (new: 36227, updated: 12073)
10:15:03 [INFO] [MCF] Searching for '' (limit=100, page=483)...
10:15:04 [INFO] [MCF] Got 100 results (total: 91237)
10:15:04 [INFO] [MCF] Page 483: 100 jobs (new: 36292, updated: 12108)
10:15:05 [INFO] [MCF] Searching for '' (limit=100, page=484)...
10:15:07 [INFO] [MCF] Got 100 results (total: 91237)
10:15:07 [INFO] [MCF] Page 484: 100 jobs (new: 36354, updated: 12146)
10:15:07 [INFO] [MCF] Searching for '' (limit=100, page=485)...
10:15:08 [INFO] [MCF] Got 100 results (total: 91238)
10:15:08 [INFO] [MCF] Page 485: 100 jobs (new: 36419, updated: 12181)
10:15:08 [INFO] [MCF] Searching for '' (limit=100, page=486)...
10:15:10 [INFO] [MCF] Got 100 results (total: 91237)
10:15:10 [INFO] [MCF] Page 486: 100 jobs (new: 36486, updated: 12214)
10:15:11 [INFO] [MCF] Searching for '' (limit=100, page=487)...
10:15:12 [INFO] [MCF] Got 100 results (total: 91237)
10:15:12 [INFO] [MCF] Page 487: 100 jobs (new: 36566, updated: 12234)
10:15:12 [INFO] [MCF] Searching for '' (limit=100, page=488)...
10:15:13 [INFO] [MCF] Got 100 results (total: 91237)
10:15:13 [INFO] [MCF] Page 488: 100 jobs (new: 36649, updated: 12251)
10:15:14 [INFO] [MCF] Searching for '' (limit=100, page=489)...
10:15:15 [INFO] [MCF] Got 100 results (total: 91238)
10:15:15 [INFO] [MCF] Page 489: 100 jobs (new: 36736, updated: 12264)
10:15:15 [INFO] [MCF] Searching for '' (limit=100, page=490)...
10:15:16 [INFO] [MCF] Got 100 results (total: 91238)
10:15:16 [INFO] [MCF] Page 490: 100 jobs (new: 36811, updated: 12289)
10:15:17 [INFO] [MCF] Searching for '' (limit=100, page=491)...
10:15:18 [INFO] [MCF] Got 100 results (total: 91238)
10:15:18 [INFO] [MCF] Page 491: 100 jobs (new: 36883, updated: 12317)
10:15:19 [INFO] [MCF] Searching for '' (limit=100, page=492)...
10:15:20 [INFO] [MCF] Got 100 results (total: 91238)
10:15:20 [INFO] [MCF] Page 492: 100 jobs (new: 36972, updated: 12328)
10:15:20 [INFO] [MCF] Searching for '' (limit=100, page=493)...
10:15:21 [INFO] [MCF] Got 100 results (total: 91238)
10:15:21 [INFO] [MCF] Page 493: 100 jobs (new: 37052, updated: 12348)
10:15:21 [INFO] [MCF] Searching for '' (limit=100, page=494)...
10:15:22 [INFO] [MCF] Got 100 results (total: 91238)
10:15:22 [INFO] [MCF] Page 494: 100 jobs (new: 37123, updated: 12377)
10:15:22 [INFO] [MCF] Searching for '' (limit=100, page=495)...
10:15:24 [INFO] [MCF] Got 100 results (total: 91239)
10:15:24 [INFO] [MCF] Page 495: 100 jobs (new: 37198, updated: 12402)
10:15:24 [INFO] [MCF] Searching for '' (limit=100, page=496)...
10:15:26 [INFO] [MCF] Got 100 results (total: 91239)
10:15:26 [INFO] [MCF] Page 496: 100 jobs (new: 37280, updated: 12420)
10:15:27 [INFO] [MCF] Searching for '' (limit=100, page=497)...
10:15:28 [INFO] [MCF] Got 100 results (total: 91239)
10:15:28 [INFO] [MCF] Page 497: 100 jobs (new: 37367, updated: 12433)
10:15:28 [INFO] [MCF] Searching for '' (limit=100, page=498)...
10:15:30 [INFO] [MCF] Got 100 results (total: 91241)
10:15:30 [INFO] [MCF] Page 498: 100 jobs (new: 37465, updated: 12435)
10:15:30 [INFO] [MCF] Searching for '' (limit=100, page=499)...
10:15:32 [INFO] [MCF] Got 100 results (total: 91241)
10:15:32 [INFO] [MCF] Page 499: 100 jobs (new: 37536, updated: 12464)
10:15:33 [INFO] [MCF] Searching for '' (limit=100, page=500)...
10:15:34 [INFO] [MCF] Got 100 results (total: 91240)
10:15:34 [INFO] [MCF] Page 500: 100 jobs (new: 37625, updated: 12475)
10:15:34 [INFO] [MCF] Searching for '' (limit=100, page=501)...
10:15:36 [INFO] [MCF] Got 100 results (total: 91240)
10:15:36 [INFO] [MCF] Page 501: 100 jobs (new: 37711, updated: 12489)
10:15:37 [INFO] [MCF] Searching for '' (limit=100, page=502)...
10:15:38 [INFO] [MCF] Got 100 results (total: 91240)
10:15:38 [INFO] [MCF] Page 502: 100 jobs (new: 37790, updated: 12510)
10:15:38 [INFO] [MCF] Searching for '' (limit=100, page=503)...
10:15:40 [INFO] [MCF] Got 100 results (total: 91240)
10:15:40 [INFO] [MCF] Page 503: 100 jobs (new: 37859, updated: 12541)
10:15:40 [INFO] [MCF] Searching for '' (limit=100, page=504)...
10:15:42 [INFO] [MCF] Got 100 results (total: 91240)
10:15:43 [INFO] [MCF] Page 504: 100 jobs (new: 37913, updated: 12587)
10:15:43 [INFO] [MCF] Searching for '' (limit=100, page=505)...
10:15:44 [INFO] [MCF] Got 100 results (total: 91240)
10:15:44 [INFO] [MCF] Page 505: 100 jobs (new: 37982, updated: 12618)
10:15:44 [INFO] [MCF] Searching for '' (limit=100, page=506)...
10:15:45 [INFO] [MCF] Got 100 results (total: 91241)
10:15:45 [INFO] [MCF] Page 506: 100 jobs (new: 38043, updated: 12657)
10:15:46 [INFO] [MCF] Searching for '' (limit=100, page=507)...
10:15:47 [INFO] [MCF] Got 100 results (total: 91241)
10:15:47 [INFO] [MCF] Page 507: 100 jobs (new: 38109, updated: 12691)
10:15:48 [INFO] [MCF] Searching for '' (limit=100, page=508)...
10:15:48 [INFO] [MCF] Got 100 results (total: 91242)
10:15:49 [INFO] [MCF] Page 508: 100 jobs (new: 38182, updated: 12718)
10:15:49 [INFO] [MCF] Searching for '' (limit=100, page=509)...
10:15:50 [INFO] [MCF] Got 100 results (total: 91242)
10:15:50 [INFO] [MCF] Page 509: 100 jobs (new: 38260, updated: 12740)
10:15:51 [INFO] [MCF] Searching for '' (limit=100, page=510)...
10:15:52 [INFO] [MCF] Got 100 results (total: 91242)
10:15:52 [INFO] [MCF] Page 510: 100 jobs (new: 38329, updated: 12771)
10:15:52 [INFO] [MCF] Searching for '' (limit=100, page=511)...
10:15:53 [INFO] [MCF] Got 100 results (total: 91242)
10:15:53 [INFO] [MCF] Page 511: 100 jobs (new: 38404, updated: 12796)
10:15:53 [INFO] [MCF] Searching for '' (limit=100, page=512)...
10:15:54 [INFO] [MCF] Got 100 results (total: 91242)
10:15:55 [INFO] [MCF] Page 512: 100 jobs (new: 38444, updated: 12856)
10:15:55 [INFO] [MCF] Searching for '' (limit=100, page=513)...
10:15:56 [INFO] [MCF] Got 100 results (total: 91242)
10:15:56 [INFO] [MCF] Page 513: 100 jobs (new: 38533, updated: 12867)
10:15:57 [INFO] [MCF] Searching for '' (limit=100, page=514)...
10:15:58 [INFO] [MCF] Got 100 results (total: 91242)
10:15:58 [INFO] [MCF] Page 514: 100 jobs (new: 38574, updated: 12926)
10:15:58 [INFO] [MCF] Searching for '' (limit=100, page=515)...
10:16:00 [INFO] [MCF] Got 100 results (total: 91242)
10:16:00 [INFO] [MCF] Page 515: 100 jobs (new: 38635, updated: 12965)
10:16:00 [INFO] [MCF] Searching for '' (limit=100, page=516)...
10:16:01 [INFO] [MCF] Got 100 results (total: 91242)
10:16:01 [INFO] [MCF] Page 516: 100 jobs (new: 38723, updated: 12977)
10:16:02 [INFO] [MCF] Searching for '' (limit=100, page=517)...
10:16:04 [INFO] [MCF] Got 100 results (total: 91243)
10:16:04 [INFO] [MCF] Page 517: 100 jobs (new: 38817, updated: 12983)
10:16:04 [INFO] [MCF] Searching for '' (limit=100, page=518)...
10:16:05 [INFO] [MCF] Got 100 results (total: 91243)
10:16:05 [INFO] [MCF] Page 518: 100 jobs (new: 38894, updated: 13006)
10:16:06 [INFO] [MCF] Searching for '' (limit=100, page=519)...
10:16:08 [INFO] [MCF] Got 100 results (total: 91243)
10:16:08 [INFO] [MCF] Page 519: 100 jobs (new: 38975, updated: 13025)
10:16:08 [INFO] [MCF] Searching for '' (limit=100, page=520)...
10:16:10 [INFO] [MCF] Got 100 results (total: 91243)
10:16:10 [INFO] [MCF] Page 520: 100 jobs (new: 39068, updated: 13032)
10:16:10 [INFO] [MCF] Searching for '' (limit=100, page=521)...
10:16:12 [INFO] [MCF] Got 100 results (total: 91243)
10:16:12 [INFO] [MCF] Page 521: 100 jobs (new: 39139, updated: 13061)
10:16:13 [INFO] [MCF] Searching for '' (limit=100, page=522)...
10:16:14 [INFO] [MCF] Got 100 results (total: 91243)
10:16:14 [INFO] [MCF] Page 522: 100 jobs (new: 39195, updated: 13105)
10:16:14 [INFO] [MCF] Searching for '' (limit=100, page=523)...
10:16:16 [INFO] [MCF] Got 100 results (total: 91243)
10:16:16 [INFO] [MCF] Page 523: 100 jobs (new: 39238, updated: 13162)
10:16:17 [INFO] [MCF] Searching for '' (limit=100, page=524)...
10:16:17 [INFO] [MCF] Got 100 results (total: 91243)
10:16:18 [INFO] [MCF] Page 524: 100 jobs (new: 39307, updated: 13193)
10:16:18 [INFO] [MCF] Searching for '' (limit=100, page=525)...
10:16:19 [INFO] [MCF] Got 100 results (total: 91243)
10:16:19 [INFO] [MCF] Page 525: 100 jobs (new: 39336, updated: 13264)
10:16:19 [INFO] [MCF] Searching for '' (limit=100, page=526)...
10:16:20 [INFO] [MCF] Got 100 results (total: 91243)
10:16:20 [INFO] [MCF] Page 526: 100 jobs (new: 39393, updated: 13307)
10:16:20 [INFO] [MCF] Searching for '' (limit=100, page=527)...
10:16:22 [INFO] [MCF] Got 100 results (total: 91243)
10:16:22 [INFO] [MCF] Page 527: 100 jobs (new: 39458, updated: 13342)
10:16:22 [INFO] [MCF] Searching for '' (limit=100, page=528)...
10:16:23 [INFO] [MCF] Got 100 results (total: 91243)
10:16:23 [INFO] [MCF] Page 528: 100 jobs (new: 39502, updated: 13398)
10:16:23 [INFO] [MCF] Searching for '' (limit=100, page=529)...
10:16:24 [INFO] [MCF] Got 100 results (total: 91243)
10:16:24 [INFO] [MCF] Page 529: 100 jobs (new: 39554, updated: 13446)
10:16:25 [INFO] [MCF] Searching for '' (limit=100, page=530)...
10:16:27 [INFO] [MCF] Got 100 results (total: 91243)
10:16:27 [INFO] [MCF] Page 530: 100 jobs (new: 39570, updated: 13530)
10:16:27 [INFO] [MCF] Searching for '' (limit=100, page=531)...
10:16:28 [INFO] [MCF] Got 100 results (total: 91243)
10:16:28 [INFO] [MCF] Page 531: 100 jobs (new: 39615, updated: 13585)
10:16:28 [INFO] [MCF] Searching for '' (limit=100, page=532)...
10:16:30 [INFO] [MCF] Got 100 results (total: 91243)
10:16:30 [INFO] [MCF] Page 532: 100 jobs (new: 39643, updated: 13657)
10:16:30 [INFO] [MCF] Searching for '' (limit=100, page=533)...
10:16:32 [INFO] [MCF] Got 100 results (total: 91243)
10:16:32 [INFO] [MCF] Page 533: 100 jobs (new: 39675, updated: 13725)
10:16:32 [INFO] [MCF] Searching for '' (limit=100, page=534)...
10:16:33 [INFO] [MCF] Got 100 results (total: 91244)
10:16:33 [INFO] [MCF] Page 534: 100 jobs (new: 39749, updated: 13751)
10:16:34 [INFO] [MCF] Searching for '' (limit=100, page=535)...
10:16:36 [INFO] [MCF] Got 100 results (total: 91244)
10:16:36 [INFO] [MCF] Page 535: 100 jobs (new: 39803, updated: 13797)
10:16:36 [INFO] [MCF] Searching for '' (limit=100, page=536)...
10:16:38 [INFO] [MCF] Got 100 results (total: 91244)
10:16:38 [INFO] [MCF] Page 536: 100 jobs (new: 39850, updated: 13850)
10:16:38 [INFO] [MCF] Searching for '' (limit=100, page=537)...
10:16:39 [INFO] [MCF] Got 100 results (total: 91245)
10:16:39 [INFO] [MCF] Page 537: 100 jobs (new: 39883, updated: 13917)
10:16:40 [INFO] [MCF] Searching for '' (limit=100, page=538)...
10:16:41 [INFO] [MCF] Got 100 results (total: 91245)
10:16:42 [INFO] [MCF] Page 538: 100 jobs (new: 39955, updated: 13945)
10:16:42 [INFO] [MCF] Searching for '' (limit=100, page=539)...
10:16:44 [INFO] [MCF] Got 100 results (total: 91245)
10:16:44 [INFO] [MCF] Page 539: 100 jobs (new: 40036, updated: 13964)
10:16:44 [INFO] [MCF] Searching for '' (limit=100, page=540)...
10:16:46 [INFO] [MCF] Got 100 results (total: 91245)
10:16:46 [INFO] [MCF] Page 540: 100 jobs (new: 40110, updated: 13990)
10:16:47 [INFO] [MCF] Searching for '' (limit=100, page=541)...
10:16:49 [INFO] [MCF] Got 100 results (total: 91245)
10:16:49 [INFO] [MCF] Page 541: 100 jobs (new: 40167, updated: 14033)
10:16:49 [INFO] [MCF] Searching for '' (limit=100, page=542)...
10:16:50 [INFO] [MCF] Got 100 results (total: 91245)
10:16:50 [INFO] [MCF] Page 542: 100 jobs (new: 40211, updated: 14089)
10:16:51 [INFO] [MCF] Searching for '' (limit=100, page=543)...
10:16:53 [INFO] [MCF] Got 100 results (total: 91246)
10:16:53 [INFO] [MCF] Page 543: 100 jobs (new: 40281, updated: 14119)
10:16:53 [INFO] [MCF] Searching for '' (limit=100, page=544)...
10:16:55 [INFO] [MCF] Got 100 results (total: 91246)
10:16:55 [INFO] [MCF] Page 544: 100 jobs (new: 40363, updated: 14137)
10:16:55 [INFO] [MCF] Searching for '' (limit=100, page=545)...
10:16:56 [INFO] [MCF] Got 100 results (total: 91246)
10:16:57 [INFO] [MCF] Page 545: 100 jobs (new: 40430, updated: 14170)
10:16:57 [INFO] [MCF] Searching for '' (limit=100, page=546)...
10:16:58 [INFO] [MCF] Got 100 results (total: 91246)
10:16:58 [INFO] [MCF] Page 546: 100 jobs (new: 40509, updated: 14191)
10:16:58 [INFO] [MCF] Searching for '' (limit=100, page=547)...
10:16:59 [INFO] [MCF] Got 100 results (total: 91246)
10:17:00 [INFO] [MCF] Page 547: 100 jobs (new: 40591, updated: 14209)
10:17:00 [INFO] [MCF] Searching for '' (limit=100, page=548)...
10:17:01 [INFO] [MCF] Got 100 results (total: 91246)
10:17:02 [INFO] [MCF] Page 548: 100 jobs (new: 40659, updated: 14241)
10:17:02 [INFO] [MCF] Searching for '' (limit=100, page=549)...
10:17:03 [INFO] [MCF] Got 100 results (total: 91247)
10:17:03 [INFO] [MCF] Page 549: 100 jobs (new: 40738, updated: 14262)
10:17:04 [INFO] [MCF] Searching for '' (limit=100, page=550)...
10:17:05 [INFO] [MCF] Got 100 results (total: 91247)
10:17:05 [INFO] [MCF] Page 550: 100 jobs (new: 40816, updated: 14284)
10:17:05 [INFO] [MCF] Searching for '' (limit=100, page=551)...
10:17:06 [INFO] [MCF] Got 100 results (total: 91247)
10:17:06 [INFO] [MCF] Page 551: 100 jobs (new: 40885, updated: 14315)
10:17:07 [INFO] [MCF] Searching for '' (limit=100, page=552)...
10:17:08 [INFO] [MCF] Got 100 results (total: 91247)
10:17:08 [INFO] [MCF] Page 552: 100 jobs (new: 40955, updated: 14345)
10:17:09 [INFO] [MCF] Searching for '' (limit=100, page=553)...
10:17:10 [INFO] [MCF] Got 100 results (total: 91247)
10:17:10 [INFO] [MCF] Page 553: 100 jobs (new: 41032, updated: 14368)
10:17:10 [INFO] [MCF] Searching for '' (limit=100, page=554)...
10:17:11 [INFO] [MCF] Got 100 results (total: 91247)
10:17:11 [INFO] [MCF] Page 554: 100 jobs (new: 41115, updated: 14385)
10:17:12 [INFO] [MCF] Searching for '' (limit=100, page=555)...
10:17:13 [INFO] [MCF] Got 100 results (total: 91248)
10:17:13 [INFO] [MCF] Page 555: 100 jobs (new: 41202, updated: 14398)
10:17:13 [INFO] [MCF] Searching for '' (limit=100, page=556)...
10:17:14 [INFO] [MCF] Got 100 results (total: 91249)
10:17:14 [INFO] [MCF] Page 556: 100 jobs (new: 41277, updated: 14423)
10:17:14 [INFO] [MCF] Searching for '' (limit=100, page=557)...
10:17:15 [INFO] [MCF] Got 100 results (total: 91249)
10:17:16 [INFO] [MCF] Page 557: 100 jobs (new: 41369, updated: 14431)
10:17:16 [INFO] [MCF] Searching for '' (limit=100, page=558)...
10:17:17 [INFO] [MCF] Got 100 results (total: 91249)
10:17:17 [INFO] [MCF] Page 558: 100 jobs (new: 41462, updated: 14438)
10:17:17 [INFO] [MCF] Searching for '' (limit=100, page=559)...
10:17:19 [INFO] [MCF] Got 100 results (total: 91249)
10:17:19 [INFO] [MCF] Page 559: 100 jobs (new: 41555, updated: 14445)
10:17:20 [INFO] [MCF] Searching for '' (limit=100, page=560)...
10:17:21 [INFO] [MCF] Got 100 results (total: 91250)
10:17:21 [INFO] [MCF] Page 560: 100 jobs (new: 41629, updated: 14471)
10:17:21 [INFO] [MCF] Searching for '' (limit=100, page=561)...
10:17:23 [INFO] [MCF] Got 100 results (total: 91249)
10:17:23 [INFO] [MCF] Page 561: 100 jobs (new: 41716, updated: 14484)
10:17:23 [INFO] [MCF] Searching for '' (limit=100, page=562)...
10:17:24 [INFO] [MCF] Got 100 results (total: 91250)
10:17:24 [INFO] [MCF] Page 562: 100 jobs (new: 41777, updated: 14523)
10:17:25 [INFO] [MCF] Searching for '' (limit=100, page=563)...
10:17:27 [INFO] [MCF] Got 100 results (total: 91250)
10:17:27 [INFO] [MCF] Page 563: 100 jobs (new: 41840, updated: 14560)
10:17:27 [INFO] [MCF] Searching for '' (limit=100, page=564)...
10:17:28 [INFO] [MCF] Got 100 results (total: 91250)
10:17:28 [INFO] [MCF] Page 564: 100 jobs (new: 41935, updated: 14565)
10:17:28 [INFO] [MCF] Searching for '' (limit=100, page=565)...
10:17:30 [INFO] [MCF] Got 100 results (total: 91250)
10:17:30 [INFO] [MCF] Page 565: 100 jobs (new: 42026, updated: 14574)
10:17:30 [INFO] [MCF] Searching for '' (limit=100, page=566)...
10:17:31 [INFO] [MCF] Got 100 results (total: 91250)
10:17:31 [INFO] [MCF] Page 566: 100 jobs (new: 42119, updated: 14581)
10:17:31 [INFO] [MCF] Searching for '' (limit=100, page=567)...
10:17:33 [INFO] [MCF] Got 100 results (total: 91250)
10:17:34 [INFO] [MCF] Page 567: 100 jobs (new: 42196, updated: 14604)
10:17:34 [INFO] [MCF] Searching for '' (limit=100, page=568)...
10:17:35 [INFO] [MCF] Got 100 results (total: 91250)
10:17:35 [INFO] [MCF] Page 568: 100 jobs (new: 42247, updated: 14653)
10:17:36 [INFO] [MCF] Searching for '' (limit=100, page=569)...
10:17:37 [INFO] [MCF] Got 100 results (total: 91251)
10:17:37 [INFO] [MCF] Page 569: 100 jobs (new: 42318, updated: 14682)
10:17:37 [INFO] [MCF] Searching for '' (limit=100, page=570)...
10:17:39 [INFO] [MCF] Got 100 results (total: 91251)
10:17:40 [INFO] [MCF] Page 570: 100 jobs (new: 42370, updated: 14730)
10:17:40 [INFO] [MCF] Searching for '' (limit=100, page=571)...
10:17:42 [INFO] [MCF] Got 100 results (total: 91252)
10:17:42 [INFO] [MCF] Page 571: 100 jobs (new: 42456, updated: 14744)
10:17:43 [INFO] [MCF] Searching for '' (limit=100, page=572)...
10:17:44 [INFO] [MCF] Got 100 results (total: 91252)
10:17:44 [INFO] [MCF] Page 572: 100 jobs (new: 42547, updated: 14753)
10:17:44 [INFO] [MCF] Searching for '' (limit=100, page=573)...
10:17:46 [INFO] [MCF] Got 100 results (total: 91252)
10:17:46 [INFO] [MCF] Page 573: 100 jobs (new: 42635, updated: 14765)
10:17:46 [INFO] [MCF] Searching for '' (limit=100, page=574)...
10:17:47 [INFO] [MCF] Got 100 results (total: 91252)
10:17:47 [INFO] [MCF] Page 574: 100 jobs (new: 42715, updated: 14785)
10:17:48 [INFO] [MCF] Searching for '' (limit=100, page=575)...
10:17:48 [INFO] [MCF] Got 100 results (total: 91252)
10:17:48 [INFO] [MCF] Page 575: 100 jobs (new: 42793, updated: 14807)
10:17:49 [INFO] [MCF] Searching for '' (limit=100, page=576)...
10:17:50 [INFO] [MCF] Got 100 results (total: 91252)
10:17:50 [INFO] [MCF] Page 576: 100 jobs (new: 42812, updated: 14888)
10:17:50 [INFO] [MCF] Searching for '' (limit=100, page=577)...
10:17:51 [INFO] [MCF] Got 100 results (total: 91252)
10:17:52 [INFO] [MCF] Page 577: 100 jobs (new: 42854, updated: 14946)
10:17:52 [INFO] [MCF] Searching for '' (limit=100, page=578)...
10:17:54 [INFO] [MCF] Got 100 results (total: 91253)
10:17:54 [INFO] [MCF] Page 578: 100 jobs (new: 42914, updated: 14986)
10:17:54 [INFO] [MCF] Searching for '' (limit=100, page=579)...
10:17:55 [INFO] [MCF] Got 100 results (total: 91253)
10:17:55 [INFO] [MCF] Page 579: 100 jobs (new: 42999, updated: 15001)
10:17:55 [INFO] [MCF] Searching for '' (limit=100, page=580)...
10:17:56 [INFO] [MCF] Got 100 results (total: 91253)
10:17:56 [INFO] [MCF] Page 580: 100 jobs (new: 43080, updated: 15020)
10:17:57 [INFO] [MCF] Searching for '' (limit=100, page=581)...
10:17:58 [INFO] [MCF] Got 100 results (total: 91254)
10:17:59 [INFO] [MCF] Page 581: 100 jobs (new: 43154, updated: 15046)
10:17:59 [INFO] [MCF] Searching for '' (limit=100, page=582)...
10:18:01 [INFO] [MCF] Got 100 results (total: 91254)
10:18:01 [INFO] [MCF] Page 582: 100 jobs (new: 43231, updated: 15069)
10:18:01 [INFO] [MCF] Searching for '' (limit=100, page=583)...
10:18:02 [INFO] [MCF] Got 100 results (total: 91255)
10:18:03 [INFO] [MCF] Page 583: 100 jobs (new: 43317, updated: 15083)
10:18:03 [INFO] [MCF] Searching for '' (limit=100, page=584)...
10:18:05 [INFO] [MCF] Got 100 results (total: 91255)
10:18:05 [INFO] [MCF] Page 584: 100 jobs (new: 43386, updated: 15114)
10:18:05 [INFO] [MCF] Searching for '' (limit=100, page=585)...
10:18:07 [INFO] [MCF] Got 100 results (total: 91256)
10:18:07 [INFO] [MCF] Page 585: 100 jobs (new: 43463, updated: 15137)
10:18:07 [INFO] [MCF] Searching for '' (limit=100, page=586)...
10:18:08 [INFO] [MCF] Got 100 results (total: 91256)
10:18:08 [INFO] [MCF] Page 586: 100 jobs (new: 43524, updated: 15176)
10:18:09 [INFO] [MCF] Searching for '' (limit=100, page=587)...
10:18:10 [INFO] [MCF] Got 100 results (total: 91256)
10:18:10 [INFO] [MCF] Page 587: 100 jobs (new: 43608, updated: 15192)
10:18:10 [INFO] [MCF] Searching for '' (limit=100, page=588)...
10:18:12 [INFO] [MCF] Got 100 results (total: 91257)
10:18:12 [INFO] [MCF] Page 588: 100 jobs (new: 43691, updated: 15209)
10:18:12 [INFO] [MCF] Searching for '' (limit=100, page=589)...
10:18:13 [INFO] [MCF] Got 100 results (total: 91257)
10:18:13 [INFO] [MCF] Page 589: 100 jobs (new: 43777, updated: 15223)
10:18:14 [INFO] [MCF] Searching for '' (limit=100, page=590)...
10:18:15 [INFO] [MCF] Got 100 results (total: 91258)
10:18:15 [INFO] [MCF] Page 590: 100 jobs (new: 43865, updated: 15235)
10:18:16 [INFO] [MCF] Searching for '' (limit=100, page=591)...
10:18:17 [INFO] [MCF] Got 100 results (total: 91261)
10:18:17 [INFO] [MCF] Page 591: 100 jobs (new: 43938, updated: 15262)
10:18:18 [INFO] [MCF] Searching for '' (limit=100, page=592)...
10:18:19 [INFO] [MCF] Got 100 results (total: 91262)
10:18:19 [INFO] [MCF] Page 592: 100 jobs (new: 44015, updated: 15285)
10:18:19 [INFO] [MCF] Searching for '' (limit=100, page=593)...
10:18:21 [INFO] [MCF] Got 100 results (total: 91262)
10:18:21 [INFO] [MCF] Page 593: 100 jobs (new: 44101, updated: 15299)
10:18:22 [INFO] [MCF] Searching for '' (limit=100, page=594)...
10:18:23 [INFO] [MCF] Got 100 results (total: 91262)
10:18:24 [INFO] [MCF] Page 594: 100 jobs (new: 44167, updated: 15333)
10:18:25 [INFO] [MCF] Searching for '' (limit=100, page=595)...
10:18:26 [INFO] [MCF] Got 100 results (total: 91262)
10:18:27 [INFO] [MCF] Page 595: 100 jobs (new: 44246, updated: 15354)
10:18:27 [INFO] [MCF] Searching for '' (limit=100, page=596)...
10:18:29 [INFO] [MCF] Got 100 results (total: 91262)
10:18:29 [INFO] [MCF] Page 596: 100 jobs (new: 44319, updated: 15381)
10:18:29 [INFO] [MCF] Searching for '' (limit=100, page=597)...
10:18:30 [INFO] [MCF] Got 100 results (total: 91262)
10:18:31 [INFO] [MCF] Page 597: 100 jobs (new: 44398, updated: 15402)
10:18:31 [INFO] [MCF] Searching for '' (limit=100, page=598)...
10:18:33 [INFO] [MCF] Got 100 results (total: 91263)
10:18:33 [INFO] [MCF] Page 598: 100 jobs (new: 44478, updated: 15422)
10:18:33 [INFO] [MCF] Searching for '' (limit=100, page=599)...
10:18:34 [INFO] [MCF] Got 100 results (total: 91263)
10:18:34 [INFO] [MCF] Page 599: 100 jobs (new: 44554, updated: 15446)
10:18:35 [INFO] [MCF] Searching for '' (limit=100, page=600)...
10:18:37 [INFO] [MCF] Got 100 results (total: 91263)
10:18:37 [INFO] [MCF] Page 600: 100 jobs (new: 44628, updated: 15472)
10:18:37 [INFO] [MCF] Searching for '' (limit=100, page=601)...
10:18:38 [INFO] [MCF] Got 100 results (total: 91263)
10:18:38 [INFO] [MCF] Page 601: 100 jobs (new: 44662, updated: 15538)
10:18:38 [INFO] [MCF] Searching for '' (limit=100, page=602)...
10:18:40 [INFO] [MCF] Got 100 results (total: 91263)
10:18:40 [INFO] [MCF] Page 602: 100 jobs (new: 44727, updated: 15573)
10:18:41 [INFO] [MCF] Searching for '' (limit=100, page=603)...
10:18:42 [INFO] [MCF] Got 100 results (total: 91264)
10:18:42 [INFO] [MCF] Page 603: 100 jobs (new: 44788, updated: 15612)
10:18:43 [INFO] [MCF] Searching for '' (limit=100, page=604)...
10:18:44 [INFO] [MCF] Got 100 results (total: 91264)
10:18:44 [INFO] [MCF] Page 604: 100 jobs (new: 44881, updated: 15619)
10:18:44 [INFO] [MCF] Searching for '' (limit=100, page=605)...
10:18:46 [INFO] [MCF] Got 100 results (total: 91264)
10:18:46 [INFO] [MCF] Page 605: 100 jobs (new: 44963, updated: 15637)
10:18:46 [INFO] [MCF] Searching for '' (limit=100, page=606)...
10:18:48 [INFO] [MCF] Got 100 results (total: 91265)
10:18:48 [INFO] [MCF] Page 606: 100 jobs (new: 45048, updated: 15652)
10:18:48 [INFO] [MCF] Searching for '' (limit=100, page=607)...
10:18:49 [INFO] [MCF] Got 100 results (total: 91265)
10:18:50 [INFO] [MCF] Page 607: 100 jobs (new: 45127, updated: 15673)
10:18:50 [INFO] [MCF] Searching for '' (limit=100, page=608)...
10:18:51 [INFO] [MCF] Got 100 results (total: 91265)
10:18:51 [INFO] [MCF] Page 608: 100 jobs (new: 45198, updated: 15702)
10:18:51 [INFO] [MCF] Searching for '' (limit=100, page=609)...
10:18:54 [INFO] [MCF] Got 100 results (total: 91266)
10:18:54 [INFO] [MCF] Page 609: 100 jobs (new: 45264, updated: 15736)
10:18:55 [INFO] [MCF] Searching for '' (limit=100, page=610)...
10:18:57 [INFO] [MCF] Got 100 results (total: 91267)
10:18:57 [INFO] [MCF] Page 610: 100 jobs (new: 45318, updated: 15782)
10:18:57 [INFO] [MCF] Searching for '' (limit=100, page=611)...
10:18:58 [INFO] [MCF] Got 100 results (total: 91269)
10:18:58 [INFO] [MCF] Page 611: 100 jobs (new: 45396, updated: 15804)
10:18:59 [INFO] [MCF] Searching for '' (limit=100, page=612)...
10:19:00 [INFO] [MCF] Got 100 results (total: 91270)
10:19:00 [INFO] [MCF] Page 612: 100 jobs (new: 45469, updated: 15831)
10:19:00 [INFO] [MCF] Searching for '' (limit=100, page=613)...
10:19:01 [INFO] [MCF] Got 100 results (total: 91270)
10:19:01 [INFO] [MCF] Page 613: 100 jobs (new: 45553, updated: 15847)
10:19:02 [INFO] [MCF] Searching for '' (limit=100, page=614)...
10:19:02 [INFO] [MCF] Got 100 results (total: 91271)
10:19:03 [INFO] [MCF] Page 614: 100 jobs (new: 45612, updated: 15888)
10:19:03 [INFO] [MCF] Searching for '' (limit=100, page=615)...
10:19:05 [INFO] [MCF] Got 100 results (total: 91272)
10:19:05 [INFO] [MCF] Page 615: 100 jobs (new: 45698, updated: 15902)
10:19:06 [INFO] [MCF] Searching for '' (limit=100, page=616)...
10:19:07 [INFO] [MCF] Got 100 results (total: 91273)
10:19:07 [INFO] [MCF] Page 616: 100 jobs (new: 45780, updated: 15920)
10:19:08 [INFO] [MCF] Searching for '' (limit=100, page=617)...
10:19:09 [INFO] [MCF] Got 100 results (total: 91273)
10:19:09 [INFO] [MCF] Page 617: 100 jobs (new: 45851, updated: 15949)
10:19:10 [INFO] [MCF] Searching for '' (limit=100, page=618)...
10:19:10 [INFO] [MCF] Got 100 results (total: 91273)
10:19:10 [INFO] [MCF] Page 618: 100 jobs (new: 45915, updated: 15985)
10:19:11 [INFO] [MCF] Searching for '' (limit=100, page=619)...
10:19:12 [INFO] [MCF] Got 100 results (total: 91273)
10:19:12 [INFO] [MCF] Page 619: 100 jobs (new: 45986, updated: 16014)
10:19:13 [INFO] [MCF] Searching for '' (limit=100, page=620)...
10:19:15 [INFO] [MCF] Got 100 results (total: 91273)
10:19:15 [INFO] [MCF] Page 620: 100 jobs (new: 46058, updated: 16042)
10:19:15 [INFO] [MCF] Searching for '' (limit=100, page=621)...
10:19:17 [INFO] [MCF] Got 100 results (total: 91273)
10:19:17 [INFO] [MCF] Page 621: 100 jobs (new: 46144, updated: 16056)
10:19:17 [INFO] [MCF] Searching for '' (limit=100, page=622)...
10:19:18 [INFO] [MCF] Got 100 results (total: 91273)
10:19:18 [INFO] [MCF] Page 622: 100 jobs (new: 46234, updated: 16066)
10:19:19 [INFO] [MCF] Searching for '' (limit=100, page=623)...
10:19:20 [INFO] [MCF] Got 100 results (total: 91273)
10:19:20 [INFO] [MCF] Page 623: 100 jobs (new: 46318, updated: 16082)
10:19:20 [INFO] [MCF] Searching for '' (limit=100, page=624)...
10:19:22 [INFO] [MCF] Got 100 results (total: 91273)
10:19:22 [INFO] [MCF] Page 624: 100 jobs (new: 46403, updated: 16097)
10:19:23 [INFO] [MCF] Searching for '' (limit=100, page=625)...
10:19:25 [INFO] [MCF] Got 100 results (total: 91273)
10:19:25 [INFO] [MCF] Page 625: 100 jobs (new: 46483, updated: 16117)
10:19:25 [INFO] [MCF] Searching for '' (limit=100, page=626)...
10:19:27 [INFO] [MCF] Got 100 results (total: 91274)
10:19:27 [INFO] [MCF] Page 626: 100 jobs (new: 46549, updated: 16151)
10:19:28 [INFO] [MCF] Searching for '' (limit=100, page=627)...
10:19:29 [INFO] [MCF] Got 100 results (total: 91274)
10:19:29 [INFO] [MCF] Page 627: 100 jobs (new: 46615, updated: 16185)
10:19:29 [INFO] [MCF] Searching for '' (limit=100, page=628)...
10:19:30 [INFO] [MCF] Got 100 results (total: 91275)
10:19:30 [INFO] [MCF] Page 628: 100 jobs (new: 46688, updated: 16212)
10:19:31 [INFO] [MCF] Searching for '' (limit=100, page=629)...
10:19:32 [INFO] [MCF] Got 100 results (total: 91275)
10:19:32 [INFO] [MCF] Page 629: 100 jobs (new: 46766, updated: 16234)
10:19:32 [INFO] [MCF] Searching for '' (limit=100, page=630)...
10:19:34 [INFO] [MCF] Got 100 results (total: 91275)
10:19:34 [INFO] [MCF] Page 630: 100 jobs (new: 46846, updated: 16254)
10:19:35 [INFO] [MCF] Searching for '' (limit=100, page=631)...
10:19:36 [INFO] [MCF] Got 100 results (total: 91276)
10:19:36 [INFO] [MCF] Page 631: 100 jobs (new: 46905, updated: 16295)
10:19:36 [INFO] [MCF] Searching for '' (limit=100, page=632)...
10:19:38 [INFO] [MCF] Got 100 results (total: 91276)
10:19:38 [INFO] [MCF] Page 632: 100 jobs (new: 46963, updated: 16337)
10:19:38 [INFO] [MCF] Searching for '' (limit=100, page=633)...
10:19:40 [INFO] [MCF] Got 100 results (total: 91276)
10:19:40 [INFO] [MCF] Page 633: 100 jobs (new: 47014, updated: 16386)
10:19:40 [INFO] [MCF] Searching for '' (limit=100, page=634)...
10:19:41 [INFO] [MCF] Got 100 results (total: 91278)
10:19:41 [INFO] [MCF] Page 634: 100 jobs (new: 47079, updated: 16421)
10:19:42 [INFO] [MCF] Searching for '' (limit=100, page=635)...
10:19:43 [INFO] [MCF] Got 100 results (total: 91279)
10:19:43 [INFO] [MCF] Page 635: 100 jobs (new: 47153, updated: 16447)
10:19:43 [INFO] [MCF] Searching for '' (limit=100, page=636)...
10:19:44 [INFO] [MCF] Got 100 results (total: 91280)
10:19:45 [INFO] [MCF] Page 636: 100 jobs (new: 47230, updated: 16470)
10:19:45 [INFO] [MCF] Searching for '' (limit=100, page=637)...
10:19:46 [INFO] [MCF] Got 100 results (total: 91280)
10:19:46 [INFO] [MCF] Page 637: 100 jobs (new: 47292, updated: 16508)
10:19:47 [INFO] [MCF] Searching for '' (limit=100, page=638)...
10:19:48 [INFO] [MCF] Got 100 results (total: 91280)
10:19:48 [INFO] [MCF] Page 638: 100 jobs (new: 47335, updated: 16565)
10:19:49 [INFO] [MCF] Searching for '' (limit=100, page=639)...
10:19:50 [INFO] [MCF] Got 100 results (total: 91280)
10:19:50 [INFO] [MCF] Page 639: 100 jobs (new: 47391, updated: 16609)
10:19:50 [INFO] [MCF] Searching for '' (limit=100, page=640)...
10:19:51 [INFO] [MCF] Got 100 results (total: 91280)
10:19:51 [INFO] [MCF] Page 640: 100 jobs (new: 47471, updated: 16629)
10:19:52 [INFO] [MCF] Searching for '' (limit=100, page=641)...
10:19:53 [INFO] [MCF] Got 100 results (total: 91280)
10:19:53 [INFO] [MCF] Page 641: 100 jobs (new: 47554, updated: 16646)
10:19:54 [INFO] [MCF] Searching for '' (limit=100, page=642)...
10:19:55 [INFO] [MCF] Got 100 results (total: 91282)
10:19:55 [INFO] [MCF] Page 642: 100 jobs (new: 47642, updated: 16658)
10:19:56 [INFO] [MCF] Searching for '' (limit=100, page=643)...
10:19:57 [INFO] [MCF] Got 100 results (total: 91282)
10:19:58 [INFO] [MCF] Page 643: 100 jobs (new: 47738, updated: 16662)
10:19:58 [INFO] [MCF] Searching for '' (limit=100, page=644)...
10:20:00 [INFO] [MCF] Got 100 results (total: 91282)
10:20:00 [INFO] [MCF] Page 644: 100 jobs (new: 47820, updated: 16680)
10:20:00 [INFO] [MCF] Searching for '' (limit=100, page=645)...
10:20:02 [INFO] [MCF] Got 100 results (total: 91283)
10:20:02 [INFO] [MCF] Page 645: 100 jobs (new: 47891, updated: 16709)
10:20:02 [INFO] [MCF] Searching for '' (limit=100, page=646)...
10:20:04 [INFO] [MCF] Got 100 results (total: 91283)
10:20:04 [INFO] [MCF] Page 646: 100 jobs (new: 47953, updated: 16747)
10:20:05 [INFO] [MCF] Searching for '' (limit=100, page=647)...
10:20:07 [INFO] [MCF] Got 100 results (total: 91284)
10:20:07 [INFO] [MCF] Page 647: 100 jobs (new: 48010, updated: 16790)
10:20:07 [INFO] [MCF] Searching for '' (limit=100, page=648)...
10:20:10 [INFO] [MCF] Got 100 results (total: 91284)
10:20:10 [INFO] [MCF] Page 648: 100 jobs (new: 48063, updated: 16837)
10:20:11 [INFO] [MCF] Searching for '' (limit=100, page=649)...
10:20:13 [INFO] [MCF] Got 100 results (total: 91283)
10:20:13 [INFO] [MCF] Page 649: 100 jobs (new: 48130, updated: 16870)
10:20:13 [INFO] [MCF] Searching for '' (limit=100, page=650)...
10:20:14 [INFO] [MCF] Got 100 results (total: 91283)
10:20:14 [INFO] [MCF] Page 650: 100 jobs (new: 48207, updated: 16893)
10:20:14 [INFO] [MCF] Searching for '' (limit=100, page=651)...
10:20:16 [INFO] [MCF] Got 100 results (total: 91283)
10:20:16 [INFO] [MCF] Page 651: 100 jobs (new: 48293, updated: 16907)
10:20:16 [INFO] [MCF] Searching for '' (limit=100, page=652)...
10:20:18 [INFO] [MCF] Got 100 results (total: 91283)
10:20:18 [INFO] [MCF] Page 652: 100 jobs (new: 48373, updated: 16927)
10:20:18 [INFO] [MCF] Searching for '' (limit=100, page=653)...
10:20:19 [INFO] [MCF] Got 100 results (total: 91283)
10:20:19 [INFO] [MCF] Page 653: 100 jobs (new: 48446, updated: 16954)
10:20:19 [INFO] [MCF] Searching for '' (limit=100, page=654)...
10:20:21 [INFO] [MCF] Got 100 results (total: 91284)
10:20:21 [INFO] [MCF] Page 654: 100 jobs (new: 48515, updated: 16985)
10:20:21 [INFO] [MCF] Searching for '' (limit=100, page=655)...
10:20:23 [INFO] [MCF] Got 100 results (total: 91284)
10:20:23 [INFO] [MCF] Page 655: 100 jobs (new: 48577, updated: 17023)
10:20:23 [INFO] [MCF] Searching for '' (limit=100, page=656)...
10:20:25 [INFO] [MCF] Got 100 results (total: 91284)
10:20:25 [INFO] [MCF] Page 656: 100 jobs (new: 48656, updated: 17044)
10:20:26 [INFO] [MCF] Searching for '' (limit=100, page=657)...
10:20:27 [INFO] [MCF] Got 100 results (total: 91286)
10:20:27 [INFO] [MCF] Page 657: 100 jobs (new: 48743, updated: 17057)
10:20:27 [INFO] [MCF] Searching for '' (limit=100, page=658)...
10:20:30 [INFO] [MCF] Got 100 results (total: 91286)
10:20:30 [INFO] [MCF] Page 658: 100 jobs (new: 48820, updated: 17080)
10:20:30 [INFO] [MCF] Searching for '' (limit=100, page=659)...
10:20:32 [INFO] [MCF] Got 100 results (total: 91286)
10:20:32 [INFO] [MCF] Page 659: 100 jobs (new: 48895, updated: 17105)
10:20:32 [INFO] [MCF] Searching for '' (limit=100, page=660)...
10:20:34 [INFO] [MCF] Got 100 results (total: 91286)
10:20:34 [INFO] [MCF] Page 660: 100 jobs (new: 48980, updated: 17120)
10:20:34 [INFO] [MCF] Searching for '' (limit=100, page=661)...
10:20:35 [INFO] [MCF] Got 100 results (total: 91286)
10:20:35 [INFO] [MCF] Page 661: 100 jobs (new: 49073, updated: 17127)
10:20:36 [INFO] [MCF] Searching for '' (limit=100, page=662)...
10:20:37 [INFO] [MCF] Got 100 results (total: 91286)
10:20:37 [INFO] [MCF] Page 662: 100 jobs (new: 49119, updated: 17181)
10:20:37 [INFO] [MCF] Searching for '' (limit=100, page=663)...
10:20:38 [INFO] [MCF] Got 100 results (total: 91286)
10:20:38 [INFO] [MCF] Page 663: 100 jobs (new: 49204, updated: 17196)
10:20:39 [INFO] [MCF] Searching for '' (limit=100, page=664)...
10:20:40 [INFO] [MCF] Got 100 results (total: 91286)
10:20:40 [INFO] [MCF] Page 664: 100 jobs (new: 49291, updated: 17209)
10:20:40 [INFO] [MCF] Searching for '' (limit=100, page=665)...
10:20:42 [INFO] [MCF] Got 100 results (total: 91286)
10:20:42 [INFO] [MCF] Page 665: 100 jobs (new: 49376, updated: 17224)
10:20:42 [INFO] [MCF] Searching for '' (limit=100, page=666)...
10:20:43 [INFO] [MCF] Got 100 results (total: 91286)
10:20:43 [INFO] [MCF] Page 666: 100 jobs (new: 49446, updated: 17254)
10:20:44 [INFO] [MCF] Searching for '' (limit=100, page=667)...
10:20:45 [INFO] [MCF] Got 100 results (total: 91286)
10:20:45 [INFO] [MCF] Page 667: 100 jobs (new: 49509, updated: 17291)
10:20:45 [INFO] [MCF] Searching for '' (limit=100, page=668)...
10:20:46 [INFO] [MCF] Got 100 results (total: 91286)
10:20:46 [INFO] [MCF] Page 668: 100 jobs (new: 49561, updated: 17339)
10:20:46 [INFO] [MCF] Searching for '' (limit=100, page=669)...
10:20:47 [INFO] [MCF] Got 100 results (total: 91286)
10:20:47 [INFO] [MCF] Page 669: 100 jobs (new: 49617, updated: 17383)
10:20:48 [INFO] [MCF] Searching for '' (limit=100, page=670)...
10:20:49 [INFO] [MCF] Got 100 results (total: 91287)
10:20:49 [INFO] [MCF] Page 670: 100 jobs (new: 49696, updated: 17404)
10:20:49 [INFO] [MCF] Searching for '' (limit=100, page=671)...
10:20:51 [INFO] [MCF] Got 100 results (total: 91287)
10:20:51 [INFO] [MCF] Page 671: 100 jobs (new: 49775, updated: 17425)
10:20:51 [INFO] [MCF] Searching for '' (limit=100, page=672)...
10:20:53 [INFO] [MCF] Got 100 results (total: 91287)
10:20:53 [INFO] [MCF] Page 672: 100 jobs (new: 49815, updated: 17485)
10:20:53 [INFO] [MCF] Searching for '' (limit=100, page=673)...
10:20:55 [INFO] [MCF] Got 100 results (total: 91287)
10:20:55 [INFO] [MCF] Page 673: 100 jobs (new: 49873, updated: 17527)
10:20:55 [INFO] [MCF] Searching for '' (limit=100, page=674)...
10:20:56 [INFO] [MCF] Got 100 results (total: 91287)
10:20:56 [INFO] [MCF] Page 674: 100 jobs (new: 49954, updated: 17546)
10:20:56 [INFO] [MCF] Searching for '' (limit=100, page=675)...
10:20:59 [INFO] [MCF] Got 100 results (total: 91287)
10:20:59 [INFO] [MCF] Page 675: 100 jobs (new: 50045, updated: 17555)
10:20:59 [INFO] [MCF] Searching for '' (limit=100, page=676)...
10:21:01 [INFO] [MCF] Got 100 results (total: 91287)
10:21:01 [INFO] [MCF] Page 676: 100 jobs (new: 50108, updated: 17592)
10:21:02 [INFO] [MCF] Searching for '' (limit=100, page=677)...
10:21:03 [INFO] [MCF] Got 100 results (total: 91287)
10:21:04 [INFO] [MCF] Page 677: 100 jobs (new: 50189, updated: 17611)
10:21:04 [INFO] [MCF] Searching for '' (limit=100, page=678)...
10:21:06 [INFO] [MCF] Got 100 results (total: 91288)
10:21:06 [INFO] [MCF] Page 678: 100 jobs (new: 50276, updated: 17624)
10:21:07 [INFO] [MCF] Searching for '' (limit=100, page=679)...
10:21:09 [INFO] [MCF] Got 100 results (total: 91289)
10:21:09 [INFO] [MCF] Page 679: 100 jobs (new: 50357, updated: 17643)
10:21:09 [INFO] [MCF] Searching for '' (limit=100, page=680)...
10:21:11 [INFO] [MCF] Got 100 results (total: 91289)
10:21:11 [INFO] [MCF] Page 680: 100 jobs (new: 50433, updated: 17667)
10:21:12 [INFO] [MCF] Searching for '' (limit=100, page=681)...
10:21:13 [INFO] [MCF] Got 100 results (total: 91289)
10:21:13 [INFO] [MCF] Page 681: 100 jobs (new: 50494, updated: 17706)
10:21:14 [INFO] [MCF] Searching for '' (limit=100, page=682)...
10:21:16 [INFO] [MCF] Got 100 results (total: 91288)
10:21:16 [INFO] [MCF] Page 682: 100 jobs (new: 50556, updated: 17744)
10:21:16 [INFO] [MCF] Searching for '' (limit=100, page=683)...
10:21:18 [INFO] [MCF] Got 100 results (total: 91288)
10:21:18 [INFO] [MCF] Page 683: 100 jobs (new: 50594, updated: 17806)
10:21:19 [INFO] [MCF] Searching for '' (limit=100, page=684)...
10:21:19 [INFO] [MCF] Got 100 results (total: 91289)
10:21:20 [INFO] [MCF] Page 684: 100 jobs (new: 50635, updated: 17865)
10:21:20 [INFO] [MCF] Searching for '' (limit=100, page=685)...
10:21:21 [INFO] [MCF] Got 100 results (total: 91289)
10:21:21 [INFO] [MCF] Page 685: 100 jobs (new: 50711, updated: 17889)
10:21:21 [INFO] [MCF] Searching for '' (limit=100, page=686)...
10:21:23 [INFO] [MCF] Got 100 results (total: 91289)
10:21:23 [INFO] [MCF] Page 686: 100 jobs (new: 50792, updated: 17908)
10:21:23 [INFO] [MCF] Searching for '' (limit=100, page=687)...
10:21:25 [INFO] [MCF] Got 100 results (total: 91289)
10:21:25 [INFO] [MCF] Page 687: 100 jobs (new: 50886, updated: 17914)
10:21:26 [INFO] [MCF] Searching for '' (limit=100, page=688)...
10:21:28 [INFO] [MCF] Got 100 results (total: 91289)
10:21:28 [INFO] [MCF] Page 688: 100 jobs (new: 50976, updated: 17924)
10:21:28 [INFO] [MCF] Searching for '' (limit=100, page=689)...
10:21:29 [INFO] [MCF] Got 100 results (total: 91290)
10:21:30 [INFO] [MCF] Page 689: 100 jobs (new: 51041, updated: 17959)
10:21:30 [INFO] [MCF] Searching for '' (limit=100, page=690)...
10:21:32 [INFO] [MCF] Got 100 results (total: 91291)
10:21:32 [INFO] [MCF] Page 690: 100 jobs (new: 51126, updated: 17974)
10:21:33 [INFO] [MCF] Searching for '' (limit=100, page=691)...
10:21:35 [INFO] [MCF] Got 100 results (total: 91290)
10:21:36 [INFO] [MCF] Page 691: 100 jobs (new: 51208, updated: 17992)
10:21:36 [INFO] [MCF] Searching for '' (limit=100, page=692)...
10:21:38 [INFO] [MCF] Got 100 results (total: 91291)
10:21:38 [INFO] [MCF] Page 692: 100 jobs (new: 51277, updated: 18023)
10:21:39 [INFO] [MCF] Searching for '' (limit=100, page=693)...
10:21:40 [INFO] [MCF] Got 100 results (total: 91291)
10:21:40 [INFO] [MCF] Page 693: 100 jobs (new: 51345, updated: 18055)
10:21:40 [INFO] [MCF] Searching for '' (limit=100, page=694)...
10:21:41 [INFO] [MCF] Got 100 results (total: 91290)
10:21:42 [INFO] [MCF] Page 694: 100 jobs (new: 51436, updated: 18064)
10:21:42 [INFO] [MCF] Searching for '' (limit=100, page=695)...
10:21:43 [INFO] [MCF] Got 100 results (total: 91290)
10:21:44 [INFO] [MCF] Page 695: 100 jobs (new: 51503, updated: 18097)
10:21:44 [INFO] [MCF] Searching for '' (limit=100, page=696)...
